ULK1 Dataset;;;;;;;
compound ID;SMILES;Inconclusive;IC50(nM);Enzymatic assay methods;document name;persistent identifier;label
A001;FC1(F)CN(c2c(C(F)(F)F)cnc3[nH]c(C4=CCNC4)cc23)C1;=';1;fluorescent signal  LanthaScreen;Inhibitors of ULK1 and Methods of Use;WO2023059786A1;1
A002;CC(C)[C@@H](NC(=O)c1cc(-c2cnn3cc(-c4ccc(OCCN5CCCCC5)cc4)cnc23)cs1)C(F)(F)F;=';1.6;Radiometric based assays（Filtration binding assay）KinaseProfiler Eurofins Pharma Discovery;A Potent and Selective ULK1 Inhibitor Suppresses Autophagy and Sensitizes Cancer Cells to Nutrient Stress;doi: 10.1016/j.isci.2018.09.012;1
A003;O=C(NCC(F)(F)F)c1cc(-c2cnc3[nH]c(C4=CCCNC4)cc3c2)cs1;=';177.827.941;in vitro;Development of potent and selective ULK1/2 inhibitors based on 7-azaindole scaffold with favorable in vivo properties;doi: 10.1016/j.ejmech.2023.116101;1
A004;CN1CC=C(c2cc3cc(-c4csc(C(=O)NCC(F)(F)F)c4)cnc3[nH]2)CC1;=';2.241.377.448;in vitro;Inhibitors of ULK1 and Methods of Use;WO2023059786A1;1
A005;O=C(NCC(F)(F)F)c1cc(-c2cnc3[nH]c(C4=CCNCC4)cc3c2)cs1;=';2.446.586.795;in vitro;Development of potent and selective ULK1/2 inhibitors based on 7-azaindole scaffold with favorable in vivo properties;doi: 10.1016/j.ejmech.2023.116101;1
A006;O=C(NCC(F)(F)F)c1cc(-c2cnc3[nH]c(C4=CCOCC4)cc3c2)cs1;=';2.818.382.931;in vitro;Development of potent and selective ULK1/2 inhibitors based on 7-azaindole scaffold with favorable in vivo properties;doi: 10.1016/j.ejmech.2023.116101;1
A007;O=C(NCC(F)(F)F)c1ccc(-c2cnc3[nH]c(-c4ccc(F)cc4)cc3c2)o1;=';2.818.382.931;in vitro;Development of potent and selective ULK1/2 inhibitors based on 7-azaindole scaffold with favorable in vivo properties;doi: 10.1016/j.ejmech.2023.116101;1
A008;c1ccc2c(Nc3cc(C4CCC4)[nH]n3)nc(Nc3ccc4[nH]cnc4c3)nc2c1;=';3;Fluorescence resonance energy transfer（AlphaScreen）;Chemical Synthesis and Use of in silico Methods for the Rational Design of Small Molecule anti-Cancer Therapeutic Candidates;Ph.D. thesis, The Scripps Research InstitutePh.D. thesis, The Scripps Research Institute;1
A009;O=C1CCCc2cc(Nc3ncc(C(F)(F)F)c(NC4CC4)n3)ccc21;=';3;ADP-Glo;Design, Synthesis, and Characterization of an Orally Active Dual-Specific ULK1/2 Autophagy Inhibitor that Synergizes with the PARP Inhibitor Olaparib for the Treatment of Triple-Negative Breast Cancer;doi: 10.1021/acs.jmedchem.0c00873;1
A010;O=C(NCC(F)(F)F)c1cc(-c2cnc3[nH]c(C4=CCNC4)cc3c2)cs1;=';3.872.983.346;in vitro;Inhibitors of ULK1 and Methods of Use;WO2023059786A1;1
A011;O=C(c1cc(Cc2n[nH]c(=O)c3c2NCCC3)ccc1F)N1CCc2cc(Nc3ncc(C(F)(F)F)c(NC4CC4)n3)cnc2C1;=';4.37;Radiometric based assays;Dual-target Inhibitor of ULK1 and PARP1;CN117658985A;1
A012;O=C(c1cc(Cc2n[nH]c(=O)c3c2NCCC3)ccc1F)N1CCc2cc(Nc3ncc(C(F)(F)F)c(NC4CC4)n3)ccc2C1;=';4.51;Radiometric based assays;Dual-target Inhibitor of ULK1 and PARP1;CN117658985A;1
A013;CCc1cc(N2CCN(C)CC2)ccc1Nc1ncc(C(F)(F)F)c(NCCCN2CCOCCC2=O)n1;=';4.7;Fluorescence resonance energy transfer（AlphaScreen）;Inhibition of ULK1/2 and KRASG12C controls tumor growth in preclinical models of lung cancer;doi: 10.7554/eLife.96992;1
A014;O=C(NCC(F)(F)F)c1cc(-c2cnc3[nH]c(-c4ccc(OCCN5CCOCC5)cc4)cc3c2)cs1;=';4.898.979.486;in vitro;Inhibitors of ULK1 and Methods of Use;WO2023059786A1;1
A015;C[C@@H]1CN(c2cc(C3CC3)c(Nc3ncc(C(F)(F)F)c(-c4cc5c(s4)C(=O)N(C4COC4)CCS5(=O)=O)n3)cn2)CCN1;<=';5;luminescent ADP Glo Kinase Assay (Promega);Thiophene ULK1/2 inhibitors and their use thereof;WO2023087027;1
A016;C[C@@H]1CN(c2cc(C3CC3)c(Nc3ncc(C(F)(F)F)c(-c4cc5c(s4)C(=O)N(C4COC4)CCS5(=O)=O)n3)cn2)CCN1C;<=';5;luminescent ADP Glo Kinase Assay (Promega);Thiophene ULK1/2 inhibitors and their use thereof;WO2023087027;1
A017;C[C@@H]1CN(c2ccc(Nc3ncc(C(F)(F)F)c(-c4cc(S(C)(=O)=O)cs4)n3)c(C3CC3)c2)CCN1;<=';5;luminescent ADP Glo Kinase Assay (Promega);Thiophene ULK1/2 inhibitors and their use thereof;WO2023087027;1
A018;C[C@@H]1CN(c2ccc(Nc3ncc(C(F)(F)F)c(-c4cc5c(s4)C(=O)N(C)CCS5(=O)=O)n3)c(C3CC3)c2)CCN1;<=';5;luminescent ADP Glo Kinase Assay (Promega);Thiophene ULK1/2 inhibitors and their use thereof;WO2023087027;1
A019;C[C@@H]1CN(c2ccc(Nc3ncc(C(F)(F)F)c(-c4cc5c(s4)C(=O)N(C)CCS5(=O)=O)n3)c(C3CC3)c2)CCN1C;<=';5;luminescent ADP Glo Kinase Assay (Promega);Thiophene ULK1/2 inhibitors and their use thereof;WO2023087027;1
A020;C[C@@H]1CN(c2ccc(Nc3ncc(C(F)(F)F)c(-c4cc5c(s4)C(=O)N(C4CC4)CCS5(=O)=O)n3)c(C3CC3)c2)C[C@H](C)N1;<=';5;luminescent ADP Glo Kinase Assay (Promega);Thiophene ULK1/2 inhibitors and their use thereof;WO2023087027;1
A021;C[C@@H]1CN(c2ccc(Nc3ncc(C(F)(F)F)c(-c4cc5c(s4)C(=O)N(C4CC4)CCS5(=O)=O)n3)c(C3CC3)c2)C[C@H](C)N1C;<=';5;luminescent ADP Glo Kinase Assay (Promega);Thiophene ULK1/2 inhibitors and their use thereof;WO2023087027;1
A022;C[C@@H]1CN(c2ccc(Nc3ncc(C(F)(F)F)c(-c4cc5c(s4)C(=O)N(C4CC4)CCS5(=O)=O)n3)c(C3CC3)c2)CCN1;<=';5;luminescent ADP Glo Kinase Assay (Promega);Thiophene ULK1/2 inhibitors and their use thereof;WO2023087027;1
A023;C[C@@H]1CN(c2ccc(Nc3ncc(C(F)(F)F)c(-c4cc5c(s4)C(=O)N(C4CC4)CCS5(=O)=O)n3)c(C3CC3)c2)CCN1C;<=';5;luminescent ADP Glo Kinase Assay (Promega);Thiophene ULK1/2 inhibitors and their use thereof;WO2023087027;1
A024;C[C@@H]1CN(c2ccc(Nc3ncc(C(F)(F)F)c(-c4cc5c(s4)C(=O)N(C4COC4)CCS5(=O)=O)n3)c(C3CC3)c2)C[C@H](C)N1;<=';5;luminescent ADP Glo Kinase Assay (Promega);Thiophene ULK1/2 inhibitors and their use thereof;WO2023087027;1
A025;C[C@@H]1CN(c2ccc(Nc3ncc(C(F)(F)F)c(-c4cc5c(s4)C(=O)N(C4COC4)CCS5(=O)=O)n3)c(C3CC3)c2)C[C@H](C)N1C;<=';5;luminescent ADP Glo Kinase Assay (Promega);Thiophene ULK1/2 inhibitors and their use thereof;WO2023087027;1
A026;C[C@@H]1CN(c2ccc(Nc3ncc(C(F)(F)F)c(-c4cc5c(s4)C(=O)N(C4COC4)CCS5(=O)=O)n3)c(C3CC3)c2)CCN1;<=';5;luminescent ADP Glo Kinase Assay (Promega);Thiophene ULK1/2 inhibitors and their use thereof;WO2023087027;1
A027;C[C@@H]1CN(c2ccc(Nc3ncc(C(F)(F)F)c(-c4cc5c(s4)C(=O)N(C4COC4)CCS5(=O)=O)n3)c(C3CC3)c2)CCN1C;<=';5;luminescent ADP Glo Kinase Assay (Promega);Thiophene ULK1/2 inhibitors and their use thereof;WO2023087027;1
A028;C[C@@H]1CN(c2ccc(Nc3ncc(C(F)(F)F)c(-c4cc5c(s4)C(=O)N(C4COC4)CCS5(=O)=O)n3)c(C3CC3)n2)CCN1;<=';5;luminescent ADP Glo Kinase Assay (Promega);Thiophene ULK1/2 inhibitors and their use thereof;WO2023087027;1
A029;C[C@@H]1CN(c2ccc(Nc3ncc(C(F)(F)F)c(-c4cc5c(s4)C(=O)N(C4COC4)CCS5(=O)=O)n3)c(C3CC3)n2)CCN1C;<=';5;luminescent ADP Glo Kinase Assay (Promega);Thiophene ULK1/2 inhibitors and their use thereof;WO2023087027;1
A030;C[C@H]1CN(c2ccc(Nc3ncc(C(F)(F)F)c(-c4cc5c(s4)C(=O)N(C)CCS5(=O)=O)n3)c(C3CC3)c2)CCN1;<=';5;luminescent ADP Glo Kinase Assay (Promega);Thiophene ULK1/2 inhibitors and their use thereof;WO2023087027;1
A031;C[C@H]1CN(c2ccc(Nc3ncc(C(F)(F)F)c(-c4cc5c(s4)C(=O)N(C4CC4)CCS5(=O)=O)n3)c(C3CC3)c2)C[C@H](C)N1;<=';5;luminescent ADP Glo Kinase Assay (Promega);Thiophene ULK1/2 inhibitors and their use thereof;WO2023087027;1
A032;C[C@H]1CN(c2ccc(Nc3ncc(C(F)(F)F)c(-c4cc5c(s4)C(=O)N(C4CC4)CCS5(=O)=O)n3)c(C3CC3)c2)CCN1;<=';5;luminescent ADP Glo Kinase Assay (Promega);Thiophene ULK1/2 inhibitors and their use thereof;WO2023087027;1
A033;C[C@H]1CN(c2ccc(Nc3ncc(C(F)(F)F)c(-c4cc5c(s4)C(=O)N(C4CC4)CCS5(=O)=O)n3)c(C3CC3)c2)CCN1C;<=';5;luminescent ADP Glo Kinase Assay (Promega);Thiophene ULK1/2 inhibitors and their use thereof;WO2023087027;1
A034;C[C@H]1CN(c2ccc(Nc3ncc(C(F)(F)F)c(-c4cc5c(s4)C(=O)N(C4COC4)CCS5(=O)=O)n3)c(C3CC3)c2)C[C@H](C)N1;<=';5;luminescent ADP Glo Kinase Assay (Promega);Thiophene ULK1/2 inhibitors and their use thereof;WO2023087027;1
A035;C[C@H]1CN(c2ccc(Nc3ncc(C(F)(F)F)c(-c4cc5c(s4)C(=O)N(C4COC4)CCS5(=O)=O)n3)c(C3CC3)c2)CCN1;<=';5;luminescent ADP Glo Kinase Assay (Promega);Thiophene ULK1/2 inhibitors and their use thereof;WO2023087027;1
A036;C[C@H]1CN(c2ccc(Nc3ncc(C(F)(F)F)c(-c4cc5c(s4)C(=O)N(C4COC4)CCS5(=O)=O)n3)c(C3CC3)c2)CCN1C;<=';5;luminescent ADP Glo Kinase Assay (Promega);Thiophene ULK1/2 inhibitors and their use thereof;WO2023087027;1
A037;CC(C)(O)CN1CCc2cc(Nc3ncc(C(F)(F)F)c(-c4cc5c(s4)C(=O)N(C4CC4)CCS5(=O)=O)n3)c(C3CC3)cc2C1;<=';5;luminescent ADP Glo Kinase Assay (Promega);Thiophene ULK1/2 inhibitors and their use thereof;WO2023087027;1
A038;CC(C)(O)CN1CCc2cc(Nc3ncc(C(F)(F)F)c(-c4cc5c(s4)C(=O)N(C4COC4)CCS5(=O)=O)n3)c(C3CC3)cc2C1;<=';5;luminescent ADP Glo Kinase Assay (Promega);Thiophene ULK1/2 inhibitors and their use thereof;WO2023087027;1
A039;CC(C)c1cc2c(cc1Nc1ncc(C(F)(F)F)c(-c3cc4c(s3)C(=O)N(C3CC3)CCS4(=O)=O)n1)CCN(CC1CC1)C2;<=';5;luminescent ADP Glo Kinase Assay (Promega);Thiophene ULK1/2 inhibitors and their use thereof;WO2023087027;1
A040;CC(C)c1cc2c(cc1Nc1ncc(C(F)(F)F)c(-c3cc4c(s3)C(=O)N(C3CC3)CCS4(=O)=O)n1)CCN(CC1COC1)C2;<=';5;luminescent ADP Glo Kinase Assay (Promega);Thiophene ULK1/2 inhibitors and their use thereof;WO2023087027;1
A041;CC(C)c1cc2c(cc1Nc1ncc(C(F)(F)F)c(-c3cc4c(s3)C(=O)N(C3CC3)CCS4(=O)=O)n1)CCNC2;<=';5;luminescent ADP Glo Kinase Assay (Promega);Thiophene ULK1/2 inhibitors and their use thereof;WO2023087027;1
A042;CC(C)N1CCc2cc(Nc3ncc(C(F)(F)F)c(-c4cc5c(s4)C(=O)N(C4CC4)CCS5(=O)=O)n3)c(C3CC3)cc2C1;<=';5;luminescent ADP Glo Kinase Assay (Promega);Thiophene ULK1/2 inhibitors and their use thereof;WO2023087027;1
A043;CC1(C)CC(CN2CCc3cc(Nc4ncc(C(F)(F)F)c(-c5cc6c(s5)C(=O)N(C5CC5)CCS6(=O)=O)n4)c(C4CC4)cc3C2)O1;<=';5;luminescent ADP Glo Kinase Assay (Promega);Thiophene ULK1/2 inhibitors and their use thereof;WO2023087027;1
A044;CC1(CN2CCc3cc(Nc4ncc(C(F)(F)F)c(-c5cc6c(s5)C(=O)N(C5CC5)CCS6(=O)=O)n4)c(C4CC4)cc3C2)COC1;<=';5;luminescent ADP Glo Kinase Assay (Promega);Thiophene ULK1/2 inhibitors and their use thereof;WO2023087027;1
A045;CC1(CN2CCc3cc(Nc4ncc(C(F)(F)F)c(-c5cc6c(s5)C(=O)N(C5COC5)CCS6(=O)=O)n4)c(C4CC4)cc3C2)COC1;<=';5;luminescent ADP Glo Kinase Assay (Promega);Thiophene ULK1/2 inhibitors and their use thereof;WO2023087027;1
A046;Cc1cc2c(cc1Nc1ncc(C(F)(F)F)c(-c3cc4c(s3)C(=O)N(C)CCS4(=O)=O)n1)CCN(CC1CC1)C2;<=';5;luminescent ADP Glo Kinase Assay (Promega);Thiophene ULK1/2 inhibitors and their use thereof;WO2023087027;1
A047;Cc1cc2c(cc1Nc1ncc(C(F)(F)F)c(-c3cc4c(s3)C(=O)N(C)CCS4(=O)=O)n1)CCN(CC1COC1)C2;<=';5;luminescent ADP Glo Kinase Assay (Promega);Thiophene ULK1/2 inhibitors and their use thereof;WO2023087027;1
A048;Cc1cc2c(cc1Nc1ncc(C(F)(F)F)c(-c3cc4c(s3)C(=O)N(C)CCS4(=O)=O)n1)CCNC2;<=';5;luminescent ADP Glo Kinase Assay (Promega);Thiophene ULK1/2 inhibitors and their use thereof;WO2023087027;1
A049;Cc1cc2c(cc1Nc1ncc(C(F)(F)F)c(-c3cc4c(s3)C(=O)N(C)CCS4(=O)=O)n1)CNC2;<=';5;luminescent ADP Glo Kinase Assay (Promega);Thiophene ULK1/2 inhibitors and their use thereof;WO2023087027;1
A050;Cc1cnc(Nc2cc3c(cc2C2CC2)CNCC3)nc1-c1cc2c(s1)C(=O)N(C1CC1)CCS2(=O)=O;<=';5;luminescent ADP Glo Kinase Assay (Promega);Thiophene ULK1/2 inhibitors and their use thereof;WO2023087027;1
A051;Cc1cnc(Nc2cc3c(cc2Cl)CNCC3)nc1-c1cc2c(s1)C(=O)N(C)CCS2(=O)=O;<=';5;luminescent ADP Glo Kinase Assay (Promega);Thiophene ULK1/2 inhibitors and their use thereof;WO2023087027;1
A052;Cc1nn(CCN(C)C)cc1Nc1ncc(C(F)(F)F)c(-c2cc3c(s2)C(=O)N(C)CCS3(=O)=O)n1;<=';5;luminescent ADP Glo Kinase Assay (Promega);Thiophene ULK1/2 inhibitors and their use thereof;WO2023087027;1
A053;CCc1cc(C2CCN(CCF)CC2)ccc1Nc1ncc(C(F)(F)F)c(-c2cc3c(s2)C(=O)N(C2CC2)CCS3(=O)=O)n1;<=';5;luminescent ADP Glo Kinase Assay (Promega);Thiophene ULK1/2 inhibitors and their use thereof;WO2023087027;1
A054;CCc1cc(N2C[C@@H](C)N(C)[C@@H](C)C2)ccc1Nc1ncc(C(F)(F)F)c(-c2cc3c(s2)C(=O)N(C2CC2)CCS3(=O)=O)n1;<=';5;luminescent ADP Glo Kinase Assay (Promega);Thiophene ULK1/2 inhibitors and their use thereof;WO2023087027;1
A055;CCc1cc(N2C[C@@H](C)N(C)[C@@H](C)C2)ccc1Nc1ncc(C(F)(F)F)c(-c2cc3c(s2)C(=O)N(C2COC2)CCS3(=O)=O)n1;<=';5;luminescent ADP Glo Kinase Assay (Promega);Thiophene ULK1/2 inhibitors and their use thereof;WO2023087027;1
A056;CCc1cc(N2C[C@@H](C)N[C@@H](C)C2)ccc1Nc1ncc(C(F)(F)F)c(-c2cc3c(s2)C(=O)N(C2CC2)CCS3(=O)=O)n1;<=';5;luminescent ADP Glo Kinase Assay (Promega);Thiophene ULK1/2 inhibitors and their use thereof;WO2023087027;1
A057;CCc1cc(N2C[C@@H](C)N[C@@H](C)C2)ccc1Nc1ncc(C(F)(F)F)c(-c2cc3c(s2)C(=O)N(C2COC2)CCS3(=O)=O)n1;<=';5;luminescent ADP Glo Kinase Assay (Promega);Thiophene ULK1/2 inhibitors and their use thereof;WO2023087027;1
A058;CCc1cc(N2C[C@@H]3C[C@H]2CN3)ccc1Nc1ncc(C(F)(F)F)c(-c2cc3c(s2)C(=O)N(C2CC2)CCS3(=O)=O)n1;<=';5;luminescent ADP Glo Kinase Assay (Promega);Thiophene ULK1/2 inhibitors and their use thereof;WO2023087027;1
A059;CCc1cc(N2C[C@@H]3C[C@H]2CN3)ccc1Nc1ncc(C(F)(F)F)c(-c2cc3c(s2)C(=O)N(C2COC2)CCS3(=O)=O)n1;<=';5;luminescent ADP Glo Kinase Assay (Promega);Thiophene ULK1/2 inhibitors and their use thereof;WO2023087027;1
A060;CCc1cc(N2C[C@@H]3C[C@H]2CN3C)ccc1Nc1ncc(C(F)(F)F)c(-c2cc3c(s2)C(=O)N(C2CC2)CCS3(=O)=O)n1;<=';5;luminescent ADP Glo Kinase Assay (Promega);Thiophene ULK1/2 inhibitors and their use thereof;WO2023087027;1
A061;CCc1cc(N2C[C@H](C)N(C)[C@@H](C)C2)ccc1Nc1ncc(C(F)(F)F)c(-c2cc3c(s2)C(=O)N(C2CC2)CCS3(=O)=O)n1;<=';5;luminescent ADP Glo Kinase Assay (Promega);Thiophene ULK1/2 inhibitors and their use thereof;WO2023087027;1
A062;CCc1cc(N2C[C@H](C)N[C@@H](C)C2)ccc1Nc1ncc(C(F)(F)F)c(-c2cc3c(s2)C(=O)N(C2CC2)CCS3(=O)=O)n1;<=';5;luminescent ADP Glo Kinase Assay (Promega);Thiophene ULK1/2 inhibitors and their use thereof;WO2023087027;1
A063;CCc1cc(N2C[C@H](C)N[C@@H](C)C2)ccc1Nc1ncc(C(F)(F)F)c(-c2cc3c(s2)C(=O)N(C2COC2)CCS3(=O)=O)n1;<=';5;luminescent ADP Glo Kinase Assay (Promega);Thiophene ULK1/2 inhibitors and their use thereof;WO2023087027;1
A064;CCc1cc(N2C[C@H]3C[C@@H]2CN3)ccc1Nc1ncc(C(F)(F)F)c(-c2cc3c(s2)C(=O)N(C2CC2)CCS3(=O)=O)n1;<=';5;luminescent ADP Glo Kinase Assay (Promega);Thiophene ULK1/2 inhibitors and their use thereof;WO2023087027;1
A065;CCc1cc(N2C[C@H]3C[C@@H]2CN3)ccc1Nc1ncc(C(F)(F)F)c(-c2cc3c(s2)C(=O)N(C2COC2)CCS3(=O)=O)n1;<=';5;luminescent ADP Glo Kinase Assay (Promega);Thiophene ULK1/2 inhibitors and their use thereof;WO2023087027;1
A066;CCc1cc(N2C[C@H]3C[C@@H]2CN3C)ccc1Nc1ncc(C(F)(F)F)c(-c2cc3c(s2)C(=O)N(C2CC2)CCS3(=O)=O)n1;<=';5;luminescent ADP Glo Kinase Assay (Promega);Thiophene ULK1/2 inhibitors and their use thereof;WO2023087027;1
A067;CCc1cc(N2C[C@H]3C[C@@H]2CN3C)ccc1Nc1ncc(C(F)(F)F)c(-c2cc3c(s2)C(=O)N(C2COC2)CCS3(=O)=O)n1;<=';5;luminescent ADP Glo Kinase Assay (Promega);Thiophene ULK1/2 inhibitors and their use thereof;WO2023087027;1
A068;CCc1cc(N2CC3CCC(C2)N3)ccc1Nc1ncc(C(F)(F)F)c(-c2cc3c(s2)C(=O)N(C2CC2)CCS3(=O)=O)n1;<=';5;luminescent ADP Glo Kinase Assay (Promega);Thiophene ULK1/2 inhibitors and their use thereof;WO2023087027;1
A069;CCc1cc(N2CC3CCC(C2)N3)ccc1Nc1ncc(C(F)(F)F)c(-c2cc3c(s2)C(=O)N(C2COC2)CCS3(=O)=O)n1;<=';5;luminescent ADP Glo Kinase Assay (Promega);Thiophene ULK1/2 inhibitors and their use thereof;WO2023087027;1
A070;CCc1cc(N2CC3CCC(C2)N3C)ccc1Nc1ncc(C(F)(F)F)c(-c2cc3c(s2)C(=O)N(C2CC2)CCS3(=O)=O)n1;<=';5;luminescent ADP Glo Kinase Assay (Promega);Thiophene ULK1/2 inhibitors and their use thereof;WO2023087027;1
A071;CCc1cc(N2CC3CCC(C2)N3C)ccc1Nc1ncc(C(F)(F)F)c(-c2cc3c(s2)C(=O)N(C2COC2)CCS3(=O)=O)n1;<=';5;luminescent ADP Glo Kinase Assay (Promega);Thiophene ULK1/2 inhibitors and their use thereof;WO2023087027;1
A072;CCc1cc(N2CCN(C(C)C)CC2)ccc1Nc1ncc(C(F)(F)F)c(-c2cc3c(s2)C(=O)N(C2CC2)CCS3(=O)=O)n1;<=';5;luminescent ADP Glo Kinase Assay (Promega);Thiophene ULK1/2 inhibitors and their use thereof;WO2023087027;1
A073;CCc1cc(N2CCN(C)[C@@H](C)C2)ccc1Nc1ncc(C(F)(F)F)c(-c2cc3c(s2)C(=O)N(C2CC2)CCS3(=O)=O)n1;<=';5;luminescent ADP Glo Kinase Assay (Promega);Thiophene ULK1/2 inhibitors and their use thereof;WO2023087027;1
A074;CCc1cc(N2CCN(C)[C@@H](C)C2)ccc1Nc1ncc(C(F)(F)F)c(-c2cc3c(s2)C(=O)N(C2COC2)CCS3(=O)=O)n1;<=';5;luminescent ADP Glo Kinase Assay (Promega);Thiophene ULK1/2 inhibitors and their use thereof;WO2023087027;1
A075;CCc1cc(N2CCN(C)[C@@H](CO)C2)ccc1Nc1ncc(C(F)(F)F)c(-c2cc3c(s2)C(=O)N(C2CC2)CCS3(=O)=O)n1;<=';5;luminescent ADP Glo Kinase Assay (Promega);Thiophene ULK1/2 inhibitors and their use thereof;WO2023087027;1
A076;CCc1cc(N2CCN(C)[C@@H](CO)C2)ccc1Nc1ncc(C(F)(F)F)c(-c2cc3c(s2)C(=O)N(C2COC2)CCS3(=O)=O)n1;<=';5;luminescent ADP Glo Kinase Assay (Promega);Thiophene ULK1/2 inhibitors and their use thereof;WO2023087027;1
A077;CCc1cc(N2CCN(C)[C@H](C)C2)ccc1Nc1ncc(C(F)(F)F)c(-c2cc3c(s2)C(=O)N(C2CC2)CCS3(=O)=O)n1;<=';5;luminescent ADP Glo Kinase Assay (Promega);Thiophene ULK1/2 inhibitors and their use thereof;WO2023087027;1
A078;CCc1cc(N2CCN(C)[C@H](C)C2)ccc1Nc1ncc(C(F)(F)F)c(-c2cc3c(s2)C(=O)N(C2COC2)CCS3(=O)=O)n1;<=';5;luminescent ADP Glo Kinase Assay (Promega);Thiophene ULK1/2 inhibitors and their use thereof;WO2023087027;1
A079;CCc1cc(N2CCN(C)CC2)ccc1Nc1ncc(C(F)(F)F)c(-c2cc3c(s2)C(=O)N(C)CCS3(=O)=O)n1;<=';5;luminescent ADP Glo Kinase Assay (Promega);Thiophene ULK1/2 inhibitors and their use thereof;WO2023087027;1
A080;CCc1cc(N2CCN(C3CC3)CC2)ccc1Nc1ncc(C(F)(F)F)c(-c2cc3c(s2)C(=O)N(C2CC2)CCS3(=O)=O)n1;<=';5;luminescent ADP Glo Kinase Assay (Promega);Thiophene ULK1/2 inhibitors and their use thereof;WO2023087027;1
A081;CCc1cc(N2CCN(CC(N)=O)CC2)ccc1Nc1ncc(C(F)(F)F)c(-c2cc3c(s2)C(=O)N(C2CC2)CCS3(=O)=O)n1;<=';5;luminescent ADP Glo Kinase Assay (Promega);Thiophene ULK1/2 inhibitors and their use thereof;WO2023087027;1
A082;CCc1cc(N2CCN(CC)CC2)ccc1Nc1ncc(C(F)(F)F)c(-c2cc3c(s2)C(=O)N(C)CCS3(=O)=O)n1;<=';5;luminescent ADP Glo Kinase Assay (Promega);Thiophene ULK1/2 inhibitors and their use thereof;WO2023087027;1
A083;CCc1cc(N2CCN(CC)CC2)ccc1Nc1ncc(C(F)(F)F)c(-c2cc3c(s2)C(=O)N(C2CC2)CCS3(=O)=O)n1;<=';5;luminescent ADP Glo Kinase Assay (Promega);Thiophene ULK1/2 inhibitors and their use thereof;WO2023087027;1
A084;CCc1cc(N2CCN(CC3CC3)CC2)ccc1Nc1ncc(C(F)(F)F)c(-c2cc3c(s2)C(=O)N(C2CC2)CCS3(=O)=O)n1;<=';5;luminescent ADP Glo Kinase Assay (Promega);Thiophene ULK1/2 inhibitors and their use thereof;WO2023087027;1
A085;CCc1cc(N2CCN(CC3COC3)CC2)ccc1Nc1ncc(C(F)(F)F)c(-c2cc3c(s2)C(=O)N(C2CC2)CCS3(=O)=O)n1;<=';5;luminescent ADP Glo Kinase Assay (Promega);Thiophene ULK1/2 inhibitors and their use thereof;WO2023087027;1
A086;CCc1cc(N2CCN[C@@H](C)C2)ccc1Nc1ncc(C(F)(F)F)c(-c2cc3c(s2)C(=O)N(C2CC2)CCS3(=O)=O)n1;<=';5;luminescent ADP Glo Kinase Assay (Promega);Thiophene ULK1/2 inhibitors and their use thereof;WO2023087027;1
A087;CCc1cc(N2CCN[C@@H](C)C2)ccc1Nc1ncc(C(F)(F)F)c(-c2cc3c(s2)C(=O)N(C2COC2)CCS3(=O)=O)n1;<=';5;luminescent ADP Glo Kinase Assay (Promega);Thiophene ULK1/2 inhibitors and their use thereof;WO2023087027;1
A088;CCc1cc(N2CCN[C@@H](CO)C2)ccc1Nc1ncc(C(F)(F)F)c(-c2cc3c(s2)C(=O)N(C2CC2)CCS3(=O)=O)n1;<=';5;luminescent ADP Glo Kinase Assay (Promega);Thiophene ULK1/2 inhibitors and their use thereof;WO2023087027;1
A089;CCc1cc(N2CCN[C@@H](CO)C2)ccc1Nc1ncc(C(F)(F)F)c(-c2cc3c(s2)C(=O)N(C2COC2)CCS3(=O)=O)n1;<=';5;luminescent ADP Glo Kinase Assay (Promega);Thiophene ULK1/2 inhibitors and their use thereof;WO2023087027;1
A090;CCc1cc(N2CCN[C@H](C)C2)ccc1Nc1ncc(C(F)(F)F)c(-c2cc3c(s2)C(=O)N(C2CC2)CCS3(=O)=O)n1;<=';5;luminescent ADP Glo Kinase Assay (Promega);Thiophene ULK1/2 inhibitors and their use thereof;WO2023087027;1
A091;CCc1cc(N2CCN[C@H](C)C2)ccc1Nc1ncc(C(F)(F)F)c(-c2cc3c(s2)C(=O)N(C2COC2)CCS3(=O)=O)n1;<=';5;luminescent ADP Glo Kinase Assay (Promega);Thiophene ULK1/2 inhibitors and their use thereof;WO2023087027;1
A092;CCc1cc(N2CCNCC2)ccc1Nc1ncc(C(F)(F)F)c(-c2cc3c(s2)C(=O)N(C)CCS3(=O)=O)n1;<=';5;luminescent ADP Glo Kinase Assay (Promega);Thiophene ULK1/2 inhibitors and their use thereof;WO2023087027;1
A093;CCc1cc(N2CCNCC2)ccc1Nc1ncc(C(F)(F)F)c(-c2cc3c(s2)C(=O)N(C2CC2)CCS3(=O)=O)n1;<=';5;luminescent ADP Glo Kinase Assay (Promega);Thiophene ULK1/2 inhibitors and their use thereof;WO2023087027;1
A094;CCc1cc(N2CCNCC2)ccc1Nc1ncc(C(F)(F)F)c(-c2cc3c(s2)C(=O)N(C2COC2)CCS3(=O)=O)n1;<=';5;luminescent ADP Glo Kinase Assay (Promega);Thiophene ULK1/2 inhibitors and their use thereof;WO2023087027;1
A095;CCc1cc2c(cc1Nc1ncc(C(F)(F)F)c(-c3cc4c(s3)C(=O)N(C)CCS4(=O)=O)n1)CCN(C)C2;<=';5;luminescent ADP Glo Kinase Assay (Promega);Thiophene ULK1/2 inhibitors and their use thereof;WO2023087027;1
A096;CCc1cc2c(cc1Nc1ncc(C(F)(F)F)c(-c3cc4c(s3)C(=O)N(C)CCS4(=O)=O)n1)CCN(CC)C2;<=';5;luminescent ADP Glo Kinase Assay (Promega);Thiophene ULK1/2 inhibitors and their use thereof;WO2023087027;1
A097;CCc1cc2c(cc1Nc1ncc(C(F)(F)F)c(-c3cc4c(s3)C(=O)N(C)CCS4(=O)=O)n1)CCN(CC1CC1)C2;<=';5;luminescent ADP Glo Kinase Assay (Promega);Thiophene ULK1/2 inhibitors and their use thereof;WO2023087027;1
A098;CCc1cc2c(cc1Nc1ncc(C(F)(F)F)c(-c3cc4c(s3)C(=O)N(C)CCS4(=O)=O)n1)CCNC2;<=';5;luminescent ADP Glo Kinase Assay (Promega);Thiophene ULK1/2 inhibitors and their use thereof;WO2023087027;1
A099;CCc1cc2c(cc1Nc1ncc(C(F)(F)F)c(-c3cc4c(s3)C(=O)N(C)CCS4(=O)=O)n1)CNC2;<=';5;luminescent ADP Glo Kinase Assay (Promega);Thiophene ULK1/2 inhibitors and their use thereof;WO2023087027;1
A100;CCc1cc2c(cc1Nc1ncc(C(F)(F)F)c(-c3cc4c(s3)C(=O)N(C)CCS4(=O)=O)n1)CNCC2;<=';5;luminescent ADP Glo Kinase Assay (Promega);Thiophene ULK1/2 inhibitors and their use thereof;WO2023087027;1
A101;CCc1cc2c(cc1Nc1ncc(C(F)(F)F)c(-c3cc4c(s3)C(=O)N(C3CC3)CCS4(=O)=O)n1)CCN(CC)C2;<=';5;luminescent ADP Glo Kinase Assay (Promega);Thiophene ULK1/2 inhibitors and their use thereof;WO2023087027;1
A102;CCc1cc2c(cc1Nc1ncc(C(F)(F)F)c(-c3cc4c(s3)C(=O)N(C3CC3)CCS4(=O)=O)n1)CCN(CC1CC1)C2;<=';5;luminescent ADP Glo Kinase Assay (Promega);Thiophene ULK1/2 inhibitors and their use thereof;WO2023087027;1
A103;CCc1cc2c(cc1Nc1ncc(C(F)(F)F)c(-c3cc4c(s3)C(=O)N(C3CC3)CCS4(=O)=O)n1)CCN(CC1COC1)C2;<=';5;luminescent ADP Glo Kinase Assay (Promega);Thiophene ULK1/2 inhibitors and their use thereof;WO2023087027;1
A104;CCc1cc2c(cc1Nc1ncc(C(F)(F)F)c(-c3cc4c(s3)C(=O)N(C3CC3)CCS4(=O)=O)n1)CCN(CCF)C2;<=';5;luminescent ADP Glo Kinase Assay (Promega);Thiophene ULK1/2 inhibitors and their use thereof;WO2023087027;1
A105;CCc1cc2c(cc1Nc1ncc(C(F)(F)F)c(-c3cc4c(s3)C(=O)N(C3CC3)CCS4(=O)=O)n1)CCNC2;<=';5;luminescent ADP Glo Kinase Assay (Promega);Thiophene ULK1/2 inhibitors and their use thereof;WO2023087027;1
A106;CCc1cc2c(cc1Nc1ncc(C(F)(F)F)c(-c3cc4c(s3)C(=O)N(C3CC3)CCS4(=O)=O)n1)CNCC2;<=';5;luminescent ADP Glo Kinase Assay (Promega);Thiophene ULK1/2 inhibitors and their use thereof;WO2023087027;1
A107;CCc1cc2c(cc1Nc1ncc(C(F)(F)F)c(-c3cc4c(s3)C(=O)N(C3CCC3)CCS4(=O)=O)n1)CCNC2;<=';5;luminescent ADP Glo Kinase Assay (Promega);Thiophene ULK1/2 inhibitors and their use thereof;WO2023087027;1
A108;CCc1cc2c(cc1Nc1ncc(C(F)(F)F)c(-c3cc4c(s3)C(=O)N(C3CCC3)CCS4(=O)=O)n1)CNCC2;<=';5;luminescent ADP Glo Kinase Assay (Promega);Thiophene ULK1/2 inhibitors and their use thereof;WO2023087027;1
A109;CCc1cc2c(cc1Nc1ncc(C(F)(F)F)c(-c3cc4c(s3)C(=O)N(C3COC3)CCS4(=O)=O)n1)CCN(CC1CC1)C2;<=';5;luminescent ADP Glo Kinase Assay (Promega);Thiophene ULK1/2 inhibitors and their use thereof;WO2023087027;1
A110;CCc1cc2c(cc1Nc1ncc(C(F)(F)F)c(-c3cc4c(s3)C(=O)N(C3COC3)CCS4(=O)=O)n1)CCN(CC1COC1)C2;<=';5;luminescent ADP Glo Kinase Assay (Promega);Thiophene ULK1/2 inhibitors and their use thereof;WO2023087027;1
A111;CCc1cc2c(cc1Nc1ncc(C(F)(F)F)c(-c3cc4c(s3)C(=O)N(C3COC3)CCS4(=O)=O)n1)CCNC2;<=';5;luminescent ADP Glo Kinase Assay (Promega);Thiophene ULK1/2 inhibitors and their use thereof;WO2023087027;1
A112;CCc1cc2c(cc1Nc1ncc(C(F)(F)F)c(-c3cc4c(s3)C(=O)N(C3COC3)CCS4(=O)=O)n1)CNCC2;<=';5;luminescent ADP Glo Kinase Assay (Promega);Thiophene ULK1/2 inhibitors and their use thereof;WO2023087027;1
A113;CCc1cc2c(cc1Nc1ncc(C(F)(F)F)c(-c3cc4c(s3)C(=O)N(CC(F)(F)F)CCS4(=O)=O)n1)CCNC2;<=';5;luminescent ADP Glo Kinase Assay (Promega);Thiophene ULK1/2 inhibitors and their use thereof;WO2023087027;1
A114;CCc1cc2c(cc1Nc1ncc(C(F)(F)F)c(-c3cc4c(s3)C(=O)N(CC(F)(F)F)CCS4(=O)=O)n1)CNCC2;<=';5;luminescent ADP Glo Kinase Assay (Promega);Thiophene ULK1/2 inhibitors and their use thereof;WO2023087027;1
A115;CCc1cc2c(cc1Nc1ncc(C(F)(F)F)c(-c3cc4c(s3)C(=O)NCCS4(=O)=O)n1)CCN(C)C2;<=';5;luminescent ADP Glo Kinase Assay (Promega);Thiophene ULK1/2 inhibitors and their use thereof;WO2023087027;1
A116;CCc1cc2c(cc1Nc1ncc(C(F)(F)F)c(-c3cc4c(s3)C(=O)NCCS4(=O)=O)n1)CCNC2;<=';5;luminescent ADP Glo Kinase Assay (Promega);Thiophene ULK1/2 inhibitors and their use thereof;WO2023087027;1
A117;CCN1Cc2cc(C)c(Nc3ncc(C(F)(F)F)c(-c4cc5c(s4)C(=O)N(C)CCS5(=O)=O)n3)cc2C1;<=';5;luminescent ADP Glo Kinase Assay (Promega);Thiophene ULK1/2 inhibitors and their use thereof;WO2023087027;1
A118;CCN1Cc2cc(F)c(Nc3ncc(C(F)(F)F)c(-c4cc5c(s4)C(=O)N(C)CCS5(=O)=O)n3)cc2C1;<=';5;luminescent ADP Glo Kinase Assay (Promega);Thiophene ULK1/2 inhibitors and their use thereof;WO2023087027;1
A119;CCN1CCC(c2ccc(Nc3ncc(C(F)(F)F)c(-c4cc5c(s4)C(=O)N(C4CC4)CCS5(=O)=O)n3)c(C3CC3)c2)CC1;<=';5;luminescent ADP Glo Kinase Assay (Promega);Thiophene ULK1/2 inhibitors and their use thereof;WO2023087027;1
A120;CCN1CCc2cc(Nc3ncc(C(F)(F)F)c(-c4cc5c(s4)C(=O)N(C)CCS5(=O)=O)n3)c(C)cc2C1;<=';5;luminescent ADP Glo Kinase Assay (Promega);Thiophene ULK1/2 inhibitors and their use thereof;WO2023087027;1
A121;CCN1CCc2cc(Nc3ncc(C(F)(F)F)c(-c4cc5c(s4)C(=O)N(C)CCS5(=O)=O)n3)c(C3CC3)cc2C1;<=';5;luminescent ADP Glo Kinase Assay (Promega);Thiophene ULK1/2 inhibitors and their use thereof;WO2023087027;1
A122;CCN1CCc2cc(Nc3ncc(C(F)(F)F)c(-c4cc5c(s4)C(=O)N(C)CCS5(=O)=O)n3)c(Cl)cc2C1;<=';5;luminescent ADP Glo Kinase Assay (Promega);Thiophene ULK1/2 inhibitors and their use thereof;WO2023087027;1
A123;CCN1CCc2cc(Nc3ncc(C(F)(F)F)c(-c4cc5c(s4)C(=O)N(C)CCS5(=O)=O)n3)c(SC)cc2C1;<=';5;luminescent ADP Glo Kinase Assay (Promega);Thiophene ULK1/2 inhibitors and their use thereof;WO2023087027;1
A124;CCN1CCc2cc(Nc3ncc(C(F)(F)F)c(-c4cc5c(s4)C(=O)N(C4CC4)CCS5(=O)=O)n3)c(C(C)C)cc2C1;<=';5;luminescent ADP Glo Kinase Assay (Promega);Thiophene ULK1/2 inhibitors and their use thereof;WO2023087027;1
A125;CCN1CCc2cc(Nc3ncc(C(F)(F)F)c(-c4cc5c(s4)C(=O)N(C4CC4)CCS5(=O)=O)n3)c(C3CC3)cc2C1;<=';5;luminescent ADP Glo Kinase Assay (Promega);Thiophene ULK1/2 inhibitors and their use thereof;WO2023087027;1
A126;CCN1CCc2cc(Nc3ncc(C(F)(F)F)c(-c4cc5c(s4)C(=O)N(C4CC4)CCS5(=O)=O)n3)c(Cl)cc2C1;<=';5;luminescent ADP Glo Kinase Assay (Promega);Thiophene ULK1/2 inhibitors and their use thereof;WO2023087027;1
A127;CCN1CCc2cc(Nc3ncc(C(F)(F)F)c(-c4cc5c(s4)C(=O)N(C4CCC4)CCS5(=O)=O)n3)c(C3CC3)cc2C1;<=';5;luminescent ADP Glo Kinase Assay (Promega);Thiophene ULK1/2 inhibitors and their use thereof;WO2023087027;1
A128;CCN1CCc2cc(Nc3ncc(C(F)(F)F)c(-c4cc5c(s4)C(=O)N(C4CCC4)CCS5(=O)=O)n3)c(Cl)cc2C1;<=';5;luminescent ADP Glo Kinase Assay (Promega);Thiophene ULK1/2 inhibitors and their use thereof;WO2023087027;1
A129;CCN1CCc2cc(Nc3ncc(C(F)(F)F)c(-c4cc5c(s4)C(=O)N(C4COC4)CCS5(=O)=O)n3)c(C3CC3)cc2C1;<=';5;luminescent ADP Glo Kinase Assay (Promega);Thiophene ULK1/2 inhibitors and their use thereof;WO2023087027;1
A130;CCN1CCc2cc(Nc3ncc(C(F)(F)F)c(-c4cc5c(s4)C(=O)N(CC(F)(F)F)CCS5(=O)=O)n3)c(C3CC3)cc2C1;<=';5;luminescent ADP Glo Kinase Assay (Promega);Thiophene ULK1/2 inhibitors and their use thereof;WO2023087027;1
A131;CCN1CCc2cc(Nc3ncc(C(F)(F)F)c(-c4cc5c(s4)C(=O)N(CC)CCS5(=O)=O)n3)c(C3CC3)cc2C1;<=';5;luminescent ADP Glo Kinase Assay (Promega);Thiophene ULK1/2 inhibitors and their use thereof;WO2023087027;1
A132;CCN1CCN(c2ccc(Nc3ncc(C(F)(F)F)c(-c4cc5c(s4)C(=O)N(C)CCS5(=O)=O)n3)c(Cl)c2)CC1;<=';5;luminescent ADP Glo Kinase Assay (Promega);Thiophene ULK1/2 inhibitors and their use thereof;WO2023087027;1
A133;CCN1CCN(c2ccc(Nc3ncc(C(F)(F)F)c(-c4cc5c(s4)C(=O)N(C4CC4)CCS5(=O)=O)n3)c(C3CC3)c2)CC1;<=';5;luminescent ADP Glo Kinase Assay (Promega);Thiophene ULK1/2 inhibitors and their use thereof;WO2023087027;1
A134;CCN1CCS(=O)(=O)c2cc(-c3nc(Nc4cc5c(cc4C4CC4)CNCC5)ncc3C(F)(F)F)sc2C1=O;<=';5;luminescent ADP Glo Kinase Assay (Promega);Thiophene ULK1/2 inhibitors and their use thereof;WO2023087027;1
A135;CCN1CCS(=O)(=O)c2cc(-c3nc(Nc4cc5c(cc4Cl)CCNC5)ncc3C(F)(F)F)sc2C1=O;<=';5;luminescent ADP Glo Kinase Assay (Promega);Thiophene ULK1/2 inhibitors and their use thereof;WO2023087027;1
A136;CCN1CCS(=O)(=O)c2cc(-c3nc(Nc4cc5c(cc4Cl)CN(C)CC5)ncc3C(F)(F)F)sc2C1=O;<=';5;luminescent ADP Glo Kinase Assay (Promega);Thiophene ULK1/2 inhibitors and their use thereof;WO2023087027;1
A137;CN1C[C@@H]2C[C@H]1CN2c1ccc(Nc2ncc(C(F)(F)F)c(-c3cc4c(s3)C(=O)N(C3CC3)CCS4(=O)=O)n2)c(C2CC2)c1;<=';5;luminescent ADP Glo Kinase Assay (Promega);Thiophene ULK1/2 inhibitors and their use thereof;WO2023087027;1
A138;CN1C[C@@H]2C[C@H]1CN2c1ccc(Nc2ncc(C(F)(F)F)c(-c3cc4c(s3)C(=O)N(C3COC3)CCS4(=O)=O)n2)c(C2CC2)c1;<=';5;luminescent ADP Glo Kinase Assay (Promega);Thiophene ULK1/2 inhibitors and their use thereof;WO2023087027;1
A139;CN1C[C@H]2C[C@@H]1CN2c1cc(C2CC2)c(Nc2ncc(C(F)(F)F)c(-c3cc4c(s3)C(=O)N(C3COC3)CCS4(=O)=O)n2)cn1;<=';5;luminescent ADP Glo Kinase Assay (Promega);Thiophene ULK1/2 inhibitors and their use thereof;WO2023087027;1
A140;CN1C[C@H]2C[C@@H]1CN2c1ccc(Nc2ncc(C(F)(F)F)c(-c3cc4c(s3)C(=O)N(C3CC3)CCS4(=O)=O)n2)c(C2CC2)c1;<=';5;luminescent ADP Glo Kinase Assay (Promega);Thiophene ULK1/2 inhibitors and their use thereof;WO2023087027;1
A141;CN1C[C@H]2C[C@@H]1CN2c1ccc(Nc2ncc(C(F)(F)F)c(-c3cc4c(s3)C(=O)N(C3COC3)CCS4(=O)=O)n2)c(C2CC2)c1;<=';5;luminescent ADP Glo Kinase Assay (Promega);Thiophene ULK1/2 inhibitors and their use thereof;WO2023087027;1
A142;CN1C2CC1CN(c1ccc(Nc3ncc(C(F)(F)F)c(-c4cc5c(s4)C(=O)N(C4CC4)CCS5(=O)=O)n3)c(C3CC3)c1)C2;<=';5;luminescent ADP Glo Kinase Assay (Promega);Thiophene ULK1/2 inhibitors and their use thereof;WO2023087027;1
A143;CN1C2CC1CN(c1ccc(Nc3ncc(C(F)(F)F)c(-c4cc5c(s4)C(=O)N(C4COC4)CCS5(=O)=O)n3)c(C3CC3)c1)C2;<=';5;luminescent ADP Glo Kinase Assay (Promega);Thiophene ULK1/2 inhibitors and their use thereof;WO2023087027;1
A144;CN1C2CC1CN(c1ccc(Nc3ncc(C(F)(F)F)c(-c4cc5c(s4)C(=O)N(C4COC4)CCS5(=O)=O)n3)c(C3CC3)n1)C2;<=';5;luminescent ADP Glo Kinase Assay (Promega);Thiophene ULK1/2 inhibitors and their use thereof;WO2023087027;1
A145;CN1C2CCC1CN(c1ccc(Nc3ncc(C(F)(F)F)c(-c4cc5c(s4)C(=O)N(C4CC4)CCS5(=O)=O)n3)c(C3CC3)c1)C2;<=';5;luminescent ADP Glo Kinase Assay (Promega);Thiophene ULK1/2 inhibitors and their use thereof;WO2023087027;1
A146;CN1C2CCC1CN(c1ccc(Nc3ncc(C(F)(F)F)c(-c4cc5c(s4)C(=O)N(C4COC4)CCS5(=O)=O)n3)c(C3CC3)c1)C2;<=';5;luminescent ADP Glo Kinase Assay (Promega);Thiophene ULK1/2 inhibitors and their use thereof;WO2023087027;1
A147;CN1CC2(C1)CN(c1ccc(Nc3ncc(C(F)(F)F)c(-c4cc5c(s4)C(=O)N(C4COC4)CCS5(=O)=O)n3)c(C3CC3)c1)C2;<=';5;luminescent ADP Glo Kinase Assay (Promega);Thiophene ULK1/2 inhibitors and their use thereof;WO2023087027;1
A148;CN1Cc2cc(Cl)c(Nc3ncc(C(F)(F)F)c(-c4cc5c(s4)C(=O)N(C)CCS5(=O)=O)n3)cc2C1;<=';5;luminescent ADP Glo Kinase Assay (Promega);Thiophene ULK1/2 inhibitors and their use thereof;WO2023087027;1
A149;CN1CCC(c2ccc(Nc3ncc(C(F)(F)F)c(-c4cc5c(s4)C(=O)N(C4CC4)CCS5(=O)=O)n3)c(C3CC3)c2)CC1;<=';5;luminescent ADP Glo Kinase Assay (Promega);Thiophene ULK1/2 inhibitors and their use thereof;WO2023087027;1
A150;CN1CCC(n2cc(Nc3ncc(C(F)(F)F)c(-c4cc5c(s4)C(=O)NCCS5(=O)=O)n3)c(C3CC3)n2)CC1;<=';5;luminescent ADP Glo Kinase Assay (Promega);Thiophene ULK1/2 inhibitors and their use thereof;WO2023087027;1
A151;CN1CCc2cc(Cl)c(Nc3ncc(C(F)(F)F)c(-c4cc5c(s4)C(=O)N(C)CCS5(=O)=O)n3)cc2C1;<=';5;luminescent ADP Glo Kinase Assay (Promega);Thiophene ULK1/2 inhibitors and their use thereof;WO2023087027;1
A152;CN1CCc2cc(Nc3ncc(C(F)(F)F)c(-c4cc5c(s4)C(=O)N(C)CCS5(=O)=O)n3)c(F)cc2C1;<=';5;luminescent ADP Glo Kinase Assay (Promega);Thiophene ULK1/2 inhibitors and their use thereof;WO2023087027;1
A153;CN1CCc2cc(Nc3ncc(C(F)(F)F)c(-c4cc5c(s4)C(=O)N(C4CC4)CCS5(=O)=O)n3)c(Cl)cc2C1;<=';5;luminescent ADP Glo Kinase Assay (Promega);Thiophene ULK1/2 inhibitors and their use thereof;WO2023087027;1
A154;CN1CCc2cc(Nc3ncc(C(F)(F)F)c(-c4cc5c(s4)C(=O)N(C4CCC4)CCS5(=O)=O)n3)c(Cl)cc2C1;<=';5;luminescent ADP Glo Kinase Assay (Promega);Thiophene ULK1/2 inhibitors and their use thereof;WO2023087027;1
A155;CN1CCc2cc(Nc3ncc(C(F)(F)F)c(-c4cc5c(s4)C(=O)N(CC(F)(F)F)CCS5(=O)=O)n3)c(Cl)cc2C1;<=';5;luminescent ADP Glo Kinase Assay (Promega);Thiophene ULK1/2 inhibitors and their use thereof;WO2023087027;1
A156;CN1CCc2cc(Nc3ncc(C(F)(F)F)c(-c4cc5c(s4)C(=O)N(CC4CC4)CCS5(=O)=O)n3)c(Cl)cc2C1;<=';5;luminescent ADP Glo Kinase Assay (Promega);Thiophene ULK1/2 inhibitors and their use thereof;WO2023087027;1
A157;CN1CCc2cc(Nc3ncc(C(F)(F)F)c(-c4cc5c(s4)C(=O)NCCS5(=O)=O)n3)c(F)cc2C1;<=';5;luminescent ADP Glo Kinase Assay (Promega);Thiophene ULK1/2 inhibitors and their use thereof;WO2023087027;1
A158;CN1CCN(c2ccc(Nc3ncc(C(F)(F)F)c(-c4cc5c(s4)C(=O)N(C)CCS5(=O)=O)n3)c(Cl)c2)CC1;<=';5;luminescent ADP Glo Kinase Assay (Promega);Thiophene ULK1/2 inhibitors and their use thereof;WO2023087027;1
A159;CN1CCN(c2ccc(Nc3ncc(C(F)(F)F)c(-c4cc5c(s4)C(=O)N(C4CC4)CCS5(=O)=O)n3)c(C3CC3)c2)C[C@@H]1CO;<=';5;luminescent ADP Glo Kinase Assay (Promega);Thiophene ULK1/2 inhibitors and their use thereof;WO2023087027;1
A160;CN1CCN(c2ccc(Nc3ncc(C(F)(F)F)c(-c4cc5c(s4)C(=O)N(C4COC4)CCS5(=O)=O)n3)c(C3CC3)c2)C[C@@H]1CO;<=';5;luminescent ADP Glo Kinase Assay (Promega);Thiophene ULK1/2 inhibitors and their use thereof;WO2023087027;1
A161;CN1CCN(c2ccc(Nc3ncc(C(F)(F)F)c(-c4cc5c(s4)C(=O)N(C4COC4)CCS5(=O)=O)n3)c(C3CC3)c2)C[C@H]1C(N)=O;<=';5;luminescent ADP Glo Kinase Assay (Promega);Thiophene ULK1/2 inhibitors and their use thereof;WO2023087027;1
A162;CN1CCS(=O)(=O)c2cc(-c3nc(Nc4cc5c(cc4C4CC4)CCNC5)ncc3C(F)(F)F)sc2C1=O;<=';5;luminescent ADP Glo Kinase Assay (Promega);Thiophene ULK1/2 inhibitors and their use thereof;WO2023087027;1
A163;CN1CCS(=O)(=O)c2cc(-c3nc(Nc4cc5c(cc4C4CC4)CN(CCF)CC5)ncc3C(F)(F)F)sc2C1=O;<=';5;luminescent ADP Glo Kinase Assay (Promega);Thiophene ULK1/2 inhibitors and their use thereof;WO2023087027;1
A164;CN1CCS(=O)(=O)c2cc(-c3nc(Nc4cc5c(cc4C4CC4)CNC5)ncc3C(F)(F)F)sc2C1=O;<=';5;luminescent ADP Glo Kinase Assay (Promega);Thiophene ULK1/2 inhibitors and their use thereof;WO2023087027;1
A165;CN1CCS(=O)(=O)c2cc(-c3nc(Nc4cc5c(cc4C4CC4)CNCC5)ncc3C(F)(F)F)sc2C1=O;<=';5;luminescent ADP Glo Kinase Assay (Promega);Thiophene ULK1/2 inhibitors and their use thereof;WO2023087027;1
A166;CN1CCS(=O)(=O)c2cc(-c3nc(Nc4cc5c(cc4Cl)CCNC5)ncc3C(F)(F)F)sc2C1=O;<=';5;luminescent ADP Glo Kinase Assay (Promega);Thiophene ULK1/2 inhibitors and their use thereof;WO2023087027;1
A167;CN1CCS(=O)(=O)c2cc(-c3nc(Nc4cc5c(cc4Cl)CN(CC4CC4)CC5)ncc3C(F)(F)F)sc2C1=O;<=';5;luminescent ADP Glo Kinase Assay (Promega);Thiophene ULK1/2 inhibitors and their use thereof;WO2023087027;1
A168;CN1CCS(=O)(=O)c2cc(-c3nc(Nc4cc5c(cc4Cl)CN(CCF)CC5)ncc3C(F)(F)F)sc2C1=O;<=';5;luminescent ADP Glo Kinase Assay (Promega);Thiophene ULK1/2 inhibitors and their use thereof;WO2023087027;1
A169;CN1CCS(=O)(=O)c2cc(-c3nc(Nc4cc5c(cc4Cl)CNC5)ncc3C(F)(F)F)sc2C1=O;<=';5;luminescent ADP Glo Kinase Assay (Promega);Thiophene ULK1/2 inhibitors and their use thereof;WO2023087027;1
A170;CN1CCS(=O)(=O)c2cc(-c3nc(Nc4cc5c(cc4Cl)CNCC5)ncc3C(F)(F)F)sc2C1=O;<=';5;luminescent ADP Glo Kinase Assay (Promega);Thiophene ULK1/2 inhibitors and their use thereof;WO2023087027;1
A171;CN1CCS(=O)(=O)c2cc(-c3nc(Nc4cc5c(cc4Cl)CNCC5)ncc3C(F)(F)F)sc2S1(=O)=O;<=';5;luminescent ADP Glo Kinase Assay (Promega);Thiophene ULK1/2 inhibitors and their use thereof;WO2023087027;1
A172;CN1CCS(=O)(=O)c2cc(-c3nc(Nc4cc5c(cc4Cl)CNCC5)ncc3C3CC3)sc2C1=O;<=';5;luminescent ADP Glo Kinase Assay (Promega);Thiophene ULK1/2 inhibitors and their use thereof;WO2023087027;1
A173;CN1CCS(=O)(=O)c2cc(-c3nc(Nc4cc5c(cc4F)CNC5)ncc3C(F)(F)F)sc2C1=O;<=';5;luminescent ADP Glo Kinase Assay (Promega);Thiophene ULK1/2 inhibitors and their use thereof;WO2023087027;1
A174;CN1CCS(=O)(=O)c2cc(-c3nc(Nc4ccc(N5C[C@H]6C[C@@H]5CN6)cc4C4CC4)ncc3C(F)(F)F)sc2C1=O;<=';5;luminescent ADP Glo Kinase Assay (Promega);Thiophene ULK1/2 inhibitors and their use thereof;WO2023087027;1
A175;CN1CCS(=O)(=O)c2cc(-c3nc(Nc4ccc(N5C[C@H]6C[C@@H]5CN6)nc4C4CC4)ncc3C(F)(F)F)sc2C1=O;<=';5;luminescent ADP Glo Kinase Assay (Promega);Thiophene ULK1/2 inhibitors and their use thereof;WO2023087027;1
A176;CN1CCS(=O)(=O)c2cc(-c3nc(Nc4ccc(N5C[C@H]6C[C@@H]5CN6C)cc4C4CC4)ncc3C(F)(F)F)sc2C1=O;<=';5;luminescent ADP Glo Kinase Assay (Promega);Thiophene ULK1/2 inhibitors and their use thereof;WO2023087027;1
A177;CN1CCS(=O)(=O)c2cc(-c3nc(Nc4ccc(N5C[C@H]6C[C@@H]5CN6C)nc4C4CC4)ncc3C(F)(F)F)sc2C1=O;<=';5;luminescent ADP Glo Kinase Assay (Promega);Thiophene ULK1/2 inhibitors and their use thereof;WO2023087027;1
A178;CN1CCS(=O)(=O)c2cc(-c3nc(Nc4ccc(N5CC6CC(C5)N6)cc4C4CC4)ncc3C(F)(F)F)sc2C1=O;<=';5;luminescent ADP Glo Kinase Assay (Promega);Thiophene ULK1/2 inhibitors and their use thereof;WO2023087027;1
A179;CN1CCS(=O)(=O)c2cc(-c3nc(Nc4ccc(N5CC6CC(C5)N6)nc4C4CC4)ncc3C(F)(F)F)sc2C1=O;<=';5;luminescent ADP Glo Kinase Assay (Promega);Thiophene ULK1/2 inhibitors and their use thereof;WO2023087027;1
A180;CN1CCS(=O)(=O)c2cc(-c3nc(Nc4ccc(N5CC6CC(C5)N6C)cc4C4CC4)ncc3C(F)(F)F)sc2C1=O;<=';5;luminescent ADP Glo Kinase Assay (Promega);Thiophene ULK1/2 inhibitors and their use thereof;WO2023087027;1
A181;CN1CCS(=O)(=O)c2cc(-c3nc(Nc4ccc(N5CC6CC(C5)N6C)nc4C4CC4)ncc3C(F)(F)F)sc2C1=O;<=';5;luminescent ADP Glo Kinase Assay (Promega);Thiophene ULK1/2 inhibitors and their use thereof;WO2023087027;1
A182;CN1CCS(=O)(=O)c2cc(-c3nc(Nc4ccc(N5CCN(CC6CC6)CC5)cc4C4CC4)ncc3C(F)(F)F)sc2C1=O;<=';5;luminescent ADP Glo Kinase Assay (Promega);Thiophene ULK1/2 inhibitors and their use thereof;WO2023087027;1
A183;CN1CCS(=O)(=O)c2cc(-c3nc(Nc4ccc(N5CCN(CC6CC6)CC5)cc4Cl)ncc3C(F)(F)F)sc2C1=O;<=';5;luminescent ADP Glo Kinase Assay (Promega);Thiophene ULK1/2 inhibitors and their use thereof;WO2023087027;1
A184;CN1CCS(=O)(=O)c2cc(-c3nc(Nc4ccc(N5CCN(CC6COC6)CC5)cc4Cl)ncc3C(F)(F)F)sc2C1=O;<=';5;luminescent ADP Glo Kinase Assay (Promega);Thiophene ULK1/2 inhibitors and their use thereof;WO2023087027;1
A185;CN1CCS(=O)(=O)c2cc(-c3nc(Nc4ccc(N5CCNCC5)cc4Cl)ncc3C(F)(F)F)sc2C1=O;<=';5;luminescent ADP Glo Kinase Assay (Promega);Thiophene ULK1/2 inhibitors and their use thereof;WO2023087027;1
A186;CN1CCS(=O)(=O)c2cc(-c3nc(Nc4cn(C5CCNCC5)nc4C4CC4)ncc3C(F)(F)F)sc2C1=O;<=';5;luminescent ADP Glo Kinase Assay (Promega);Thiophene ULK1/2 inhibitors and their use thereof;WO2023087027;1
A187;CN1CCS(=O)(=O)c2cc(-c3nc(Nc4cnc(N5C[C@H]6C[C@@H]5CN6C)cc4C4CC4)ncc3C(F)(F)F)sc2C1=O;<=';5;luminescent ADP Glo Kinase Assay (Promega);Thiophene ULK1/2 inhibitors and their use thereof;WO2023087027;1
A188;CN1CCS(=O)(=O)c2cc(-c3nc(Nc4cnc(N5CC6CC(C5)N6)cc4C4CC4)ncc3C(F)(F)F)sc2C1=O;<=';5;luminescent ADP Glo Kinase Assay (Promega);Thiophene ULK1/2 inhibitors and their use thereof;WO2023087027;1
A189;CN1CCS(=O)(=O)c2cc(-c3nc(Nc4cnc(N5CC6CC(C5)N6C)cc4C4CC4)ncc3C(F)(F)F)sc2C1=O;<=';5;luminescent ADP Glo Kinase Assay (Promega);Thiophene ULK1/2 inhibitors and their use thereof;WO2023087027;1
A190;CN1CCS(=O)c2cc(-c3nc(Nc4cnc(N5C[C@H]6C[C@@H]5CN6)cc4C4CC4)ncc3C(F)(F)F)sc2C1=O;<=';5;luminescent ADP Glo Kinase Assay (Promega);Thiophene ULK1/2 inhibitors and their use thereof;WO2023087027;1
A191;CNC(=O)[C@@H]1CN(c2ccc(Nc3ncc(C(F)(F)F)c(-c4cc5c(s4)C(=O)N(C4COC4)CCS5(=O)=O)n3)c(C3CC3)c2)CCN1;<=';5;luminescent ADP Glo Kinase Assay (Promega);Thiophene ULK1/2 inhibitors and their use thereof;WO2023087027;1
A192;CNC(=O)[C@@H]1CN(c2ccc(Nc3ncc(C(F)(F)F)c(-c4cc5c(s4)C(=O)N(C4COC4)CCS5(=O)=O)n3)c(C3CC3)c2)CCN1C;<=';5;luminescent ADP Glo Kinase Assay (Promega);Thiophene ULK1/2 inhibitors and their use thereof;WO2023087027;1
A193;CNS(=O)(=O)c1ccccc1Nc1cc(Nc2ccc(N3CCN(C)CC3)c(OC)c2)ncc1C(F)(F)F;<';5;Fluorescence resonance energy transfer（AlphaScreen）;Chemical Synthesis and Use of in silico Methods for the Rational Design of Small Molecule anti-Cancer Therapeutic Candidates;Ph.D. thesis, The Scripps Research InstitutePh.D. thesis, The Scripps Research Institute;1
A194;CS(=O)(=O)c1csc(-c2nc(Nc3ccc(N4CC5CC(C4)N5)cc3C3CC3)ncc2C(F)(F)F)c1;<=';5;luminescent ADP Glo Kinase Assay (Promega);Thiophene ULK1/2 inhibitors and their use thereof;WO2023087027;1
A195;CSc1cc2c(cc1Nc1ncc(C(F)(F)F)c(-c3cc4c(s3)C(=O)N(C)CCS4(=O)=O)n1)CCN(C)C2;<=';5;luminescent ADP Glo Kinase Assay (Promega);Thiophene ULK1/2 inhibitors and their use thereof;WO2023087027;1
A196;CSc1cc2c(cc1Nc1ncc(C(F)(F)F)c(-c3cc4c(s3)C(=O)N(C)CCS4(=O)=O)n1)CCNC2;<=';5;luminescent ADP Glo Kinase Assay (Promega);Thiophene ULK1/2 inhibitors and their use thereof;WO2023087027;1
A197;CSc1cc2c(cc1Nc1ncc(C(F)(F)F)c(-c3cc4c(s3)C(=O)N(C3CC3)CCS4(=O)=O)n1)CCNC2;<=';5;luminescent ADP Glo Kinase Assay (Promega);Thiophene ULK1/2 inhibitors and their use thereof;WO2023087027;1
A198;FC(F)(F)c1cnc(Nc2ccc3nc[nH]c3c2)nc1NC1CC1;=';5;ADP-Glo;Design, Synthesis, and Characterization of an Orally Active Dual-Specific ULK1/2 Autophagy Inhibitor that Synergizes with the PARP Inhibitor Olaparib for the Treatment of Triple-Negative Breast Cancer;doi: 10.1021/acs.jmedchem.0c00873;1
A199;FC(F)(F)c1cnc(Nc2ccc3ncccc3c2)nc1NC1CC1;=';5;ADP-Glo;Design, Synthesis, and Characterization of an Orally Active Dual-Specific ULK1/2 Autophagy Inhibitor that Synergizes with the PARP Inhibitor Olaparib for the Treatment of Triple-Negative Breast Cancer;doi: 10.1021/acs.jmedchem.0c00873;1
A200;NC(=O)[C@@H]1CN(c2ccc(Nc3ncc(C(F)(F)F)c(-c4cc5c(s4)C(=O)N(C4COC4)CCS5(=O)=O)n3)c(C3CC3)c2)CCN1;<=';5;luminescent ADP Glo Kinase Assay (Promega);Thiophene ULK1/2 inhibitors and their use thereof;WO2023087027;1
A201;NC(=O)CN1CCc2cc(Nc3ncc(C(F)(F)F)c(-c4cc5c(s4)C(=O)N(C4CC4)CCS5(=O)=O)n3)c(C3CC3)cc2C1;<=';5;luminescent ADP Glo Kinase Assay (Promega);Thiophene ULK1/2 inhibitors and their use thereof;WO2023087027;1
A202;NC(=O)CN1CCc2cc(Nc3ncc(C(F)(F)F)c(-c4cc5c(s4)C(=O)N(C4COC4)CCS5(=O)=O)n3)c(C3CC3)cc2C1;<=';5;luminescent ADP Glo Kinase Assay (Promega);Thiophene ULK1/2 inhibitors and their use thereof;WO2023087027;1
A203;O=C1c2sc(-c3nc(Nc4cc5c(cc4C4CC4)CCNC5)ncc3C(F)(F)F)cc2S(=O)(=O)CCN1C1CC1;<=';5;luminescent ADP Glo Kinase Assay (Promega);Thiophene ULK1/2 inhibitors and their use thereof;WO2023087027;1
A204;O=C1c2sc(-c3nc(Nc4cc5c(cc4C4CC4)CCNC5)ncc3C(F)(F)F)cc2S(=O)(=O)CCN1C1CCC1;<=';5;luminescent ADP Glo Kinase Assay (Promega);Thiophene ULK1/2 inhibitors and their use thereof;WO2023087027;1
A205;O=C1c2sc(-c3nc(Nc4cc5c(cc4C4CC4)CCNC5)ncc3C(F)(F)F)cc2S(=O)(=O)CCN1C1COC1;<=';5;luminescent ADP Glo Kinase Assay (Promega);Thiophene ULK1/2 inhibitors and their use thereof;WO2023087027;1
A206;O=C1c2sc(-c3nc(Nc4cc5c(cc4C4CC4)CCNC5)ncc3C(F)(F)F)cc2S(=O)(=O)CCN1CC(F)(F)F;<=';5;luminescent ADP Glo Kinase Assay (Promega);Thiophene ULK1/2 inhibitors and their use thereof;WO2023087027;1
A207;O=C1c2sc(-c3nc(Nc4cc5c(cc4C4CC4)CN(C4CC4)CC5)ncc3C(F)(F)F)cc2S(=O)(=O)CCN1C1COC1;<=';5;luminescent ADP Glo Kinase Assay (Promega);Thiophene ULK1/2 inhibitors and their use thereof;WO2023087027;1
A208;O=C1c2sc(-c3nc(Nc4cc5c(cc4C4CC4)CN(C4COC4)CC5)ncc3C(F)(F)F)cc2S(=O)(=O)CCN1C1COC1;<=';5;luminescent ADP Glo Kinase Assay (Promega);Thiophene ULK1/2 inhibitors and their use thereof;WO2023087027;1
A209;O=C1c2sc(-c3nc(Nc4cc5c(cc4C4CC4)CN(CC4CC4)CC5)ncc3C(F)(F)F)cc2S(=O)(=O)CCN1C1CC1;<=';5;luminescent ADP Glo Kinase Assay (Promega);Thiophene ULK1/2 inhibitors and their use thereof;WO2023087027;1
A210;O=C1c2sc(-c3nc(Nc4cc5c(cc4C4CC4)CN(CC4CC4)CC5)ncc3C(F)(F)F)cc2S(=O)(=O)CCN1C1COC1;<=';5;luminescent ADP Glo Kinase Assay (Promega);Thiophene ULK1/2 inhibitors and their use thereof;WO2023087027;1
A211;O=C1c2sc(-c3nc(Nc4cc5c(cc4C4CC4)CN(CC4COC4)CC5)ncc3C(F)(F)F)cc2S(=O)(=O)CCN1C1CC1;<=';5;luminescent ADP Glo Kinase Assay (Promega);Thiophene ULK1/2 inhibitors and their use thereof;WO2023087027;1
A212;O=C1c2sc(-c3nc(Nc4cc5c(cc4C4CC4)CN(CC4COC4)CC5)ncc3C(F)(F)F)cc2S(=O)(=O)CCN1C1COC1;<=';5;luminescent ADP Glo Kinase Assay (Promega);Thiophene ULK1/2 inhibitors and their use thereof;WO2023087027;1
A213;O=C1c2sc(-c3nc(Nc4cc5c(cc4C4CC4)CN(CCF)CC5)ncc3C(F)(F)F)cc2S(=O)(=O)CCN1C1CC1;<=';5;luminescent ADP Glo Kinase Assay (Promega);Thiophene ULK1/2 inhibitors and their use thereof;WO2023087027;1
A214;O=C1c2sc(-c3nc(Nc4cc5c(cc4C4CC4)CN(CCF)CC5)ncc3C(F)(F)F)cc2S(=O)(=O)CCN1C1COC1;<=';5;luminescent ADP Glo Kinase Assay (Promega);Thiophene ULK1/2 inhibitors and their use thereof;WO2023087027;1
A215;O=C1c2sc(-c3nc(Nc4cc5c(cc4C4CC4)CNCC5)ncc3C(F)(F)F)cc2S(=O)(=O)CCN1C1CC1;<=';5;luminescent ADP Glo Kinase Assay (Promega);Thiophene ULK1/2 inhibitors and their use thereof;WO2023087027;1
A216;O=C1c2sc(-c3nc(Nc4cc5c(cc4C4CC4)CNCC5)ncc3C(F)(F)F)cc2S(=O)(=O)CCN1C1CCC1;<=';5;luminescent ADP Glo Kinase Assay (Promega);Thiophene ULK1/2 inhibitors and their use thereof;WO2023087027;1
A217;O=C1c2sc(-c3nc(Nc4cc5c(cc4C4CC4)CNCC5)ncc3C(F)(F)F)cc2S(=O)(=O)CCN1C1COC1;<=';5;luminescent ADP Glo Kinase Assay (Promega);Thiophene ULK1/2 inhibitors and their use thereof;WO2023087027;1
A218;O=C1c2sc(-c3nc(Nc4cc5c(cc4C4CC4)CNCC5)ncc3C(F)(F)F)cc2S(=O)(=O)CCN1CC(F)(F)F;<=';5;luminescent ADP Glo Kinase Assay (Promega);Thiophene ULK1/2 inhibitors and their use thereof;WO2023087027;1
A219;O=C1c2sc(-c3nc(Nc4cc5c(cc4C4CC4)CNCC5)ncc3C3CC3)cc2S(=O)(=O)CCN1C1CC1;<=';5;luminescent ADP Glo Kinase Assay (Promega);Thiophene ULK1/2 inhibitors and their use thereof;WO2023087027;1
A220;O=C1c2sc(-c3nc(Nc4cc5c(cc4Cl)CCNC5)ncc3C(F)(F)F)cc2S(=O)(=O)CCN1C1CC1;<=';5;luminescent ADP Glo Kinase Assay (Promega);Thiophene ULK1/2 inhibitors and their use thereof;WO2023087027;1
A221;O=C1c2sc(-c3nc(Nc4cc5c(cc4Cl)CCNC5)ncc3C(F)(F)F)cc2S(=O)(=O)CCN1C1CCC1;<=';5;luminescent ADP Glo Kinase Assay (Promega);Thiophene ULK1/2 inhibitors and their use thereof;WO2023087027;1
A222;O=C1c2sc(-c3nc(Nc4cc5c(cc4Cl)CCNC5)ncc3C(F)(F)F)cc2S(=O)(=O)CCN1C1COC1;<=';5;luminescent ADP Glo Kinase Assay (Promega);Thiophene ULK1/2 inhibitors and their use thereof;WO2023087027;1
A223;O=C1c2sc(-c3nc(Nc4cc5c(cc4Cl)CCNC5)ncc3C(F)(F)F)cc2S(=O)(=O)CCN1CC(F)(F)F;<=';5;luminescent ADP Glo Kinase Assay (Promega);Thiophene ULK1/2 inhibitors and their use thereof;WO2023087027;1
A224;O=C1c2sc(-c3nc(Nc4cc5c(cc4Cl)CN(CCF)CC5)ncc3C(F)(F)F)cc2S(=O)(=O)CCN1C1CC1;<=';5;luminescent ADP Glo Kinase Assay (Promega);Thiophene ULK1/2 inhibitors and their use thereof;WO2023087027;1
A225;O=C1c2sc(-c3nc(Nc4cc5c(cc4Cl)CNCC5)ncc3C(F)(F)F)cc2S(=O)(=O)CCN1C1CC1;<=';5;luminescent ADP Glo Kinase Assay (Promega);Thiophene ULK1/2 inhibitors and their use thereof;WO2023087027;1
A226;O=C1c2sc(-c3nc(Nc4cc5c(cc4Cl)CNCC5)ncc3C(F)(F)F)cc2S(=O)(=O)CCN1C1CCC1;<=';5;luminescent ADP Glo Kinase Assay (Promega);Thiophene ULK1/2 inhibitors and their use thereof;WO2023087027;1
A227;O=C1c2sc(-c3nc(Nc4cc5c(cc4Cl)CNCC5)ncc3C(F)(F)F)cc2S(=O)(=O)CCN1C1COC1;<=';5;luminescent ADP Glo Kinase Assay (Promega);Thiophene ULK1/2 inhibitors and their use thereof;WO2023087027;1
A228;O=C1c2sc(-c3nc(Nc4cc5c(cc4Cl)CNCC5)ncc3C(F)(F)F)cc2S(=O)(=O)CCN1CC(F)(F)F;<=';5;luminescent ADP Glo Kinase Assay (Promega);Thiophene ULK1/2 inhibitors and their use thereof;WO2023087027;1
A229;O=C1c2sc(-c3nc(Nc4cc5c(cc4Cl)CNCC5)ncc3C(F)(F)F)cc2S(=O)(=O)CCN1CC1CC1;<=';5;luminescent ADP Glo Kinase Assay (Promega);Thiophene ULK1/2 inhibitors and their use thereof;WO2023087027;1
A230;O=C1c2sc(-c3nc(Nc4cc5c(cc4OC(F)(F)F)CNCC5)ncc3C(F)(F)F)cc2S(=O)(=O)CCN1C1CC1;<=';5;luminescent ADP Glo Kinase Assay (Promega);Thiophene ULK1/2 inhibitors and their use thereof;WO2023087027;1
A231;O=C1c2sc(-c3nc(Nc4cc5c(nc4C4CC4)CNCC5)ncc3C(F)(F)F)cc2S(=O)(=O)CCN1C1CC1;<=';5;luminescent ADP Glo Kinase Assay (Promega);Thiophene ULK1/2 inhibitors and their use thereof;WO2023087027;1
A232;O=C1c2sc(-c3nc(Nc4cc5c(nc4C4CC4)CNCC5)ncc3C(F)(F)F)cc2S(=O)(=O)CCN1C1COC1;<=';5;luminescent ADP Glo Kinase Assay (Promega);Thiophene ULK1/2 inhibitors and their use thereof;WO2023087027;1
A233;O=C1c2sc(-c3nc(Nc4ccc(C5CCN(CC6CC6)CC5)cc4C4CC4)ncc3C(F)(F)F)cc2S(=O)(=O)CCN1C1CC1;<=';5;luminescent ADP Glo Kinase Assay (Promega);Thiophene ULK1/2 inhibitors and their use thereof;WO2023087027;1
A234;O=C1c2sc(-c3nc(Nc4ccc(C5CCN(CC6COC6)CC5)cc4C4CC4)ncc3C(F)(F)F)cc2S(=O)(=O)CCN1C1CC1;<=';5;luminescent ADP Glo Kinase Assay (Promega);Thiophene ULK1/2 inhibitors and their use thereof;WO2023087027;1
A235;O=C1c2sc(-c3nc(Nc4ccc(C5CCNCC5)cc4C4CC4)ncc3C(F)(F)F)cc2S(=O)(=O)CCN1C1CC1;<=';5;luminescent ADP Glo Kinase Assay (Promega);Thiophene ULK1/2 inhibitors and their use thereof;WO2023087027;1
A236;O=C1c2sc(-c3nc(Nc4ccc(N5C[C@@H]6C[C@H]5CN6)cc4C4CC4)ncc3C(F)(F)F)cc2S(=O)(=O)CCN1C1CC1;<=';5;luminescent ADP Glo Kinase Assay (Promega);Thiophene ULK1/2 inhibitors and their use thereof;WO2023087027;1
A237;O=C1c2sc(-c3nc(Nc4ccc(N5C[C@@H]6C[C@H]5CN6)cc4C4CC4)ncc3C(F)(F)F)cc2S(=O)(=O)CCN1C1COC1;<=';5;luminescent ADP Glo Kinase Assay (Promega);Thiophene ULK1/2 inhibitors and their use thereof;WO2023087027;1
A238;O=C1c2sc(-c3nc(Nc4ccc(N5C[C@H]6C[C@@H]5CN6)cc4C4CC4)ncc3C(F)(F)F)cc2S(=O)(=O)CCN1C1CC1;<=';5;luminescent ADP Glo Kinase Assay (Promega);Thiophene ULK1/2 inhibitors and their use thereof;WO2023087027;1
A239;O=C1c2sc(-c3nc(Nc4ccc(N5C[C@H]6C[C@@H]5CN6)cc4C4CC4)ncc3C(F)(F)F)cc2S(=O)(=O)CCN1C1COC1;<=';5;luminescent ADP Glo Kinase Assay (Promega);Thiophene ULK1/2 inhibitors and their use thereof;WO2023087027;1
A240;O=C1c2sc(-c3nc(Nc4ccc(N5C[C@H]6C[C@@H]5CN6)nc4C4CC4)ncc3C(F)(F)F)cc2S(=O)(=O)CCN1C1COC1;<=';5;luminescent ADP Glo Kinase Assay (Promega);Thiophene ULK1/2 inhibitors and their use thereof;WO2023087027;1
A241;O=C1c2sc(-c3nc(Nc4ccc(N5CC6(CNC6)C5)cc4C4CC4)ncc3C(F)(F)F)cc2S(=O)(=O)CCN1C1COC1;<=';5;luminescent ADP Glo Kinase Assay (Promega);Thiophene ULK1/2 inhibitors and their use thereof;WO2023087027;1
A242;O=C1c2sc(-c3nc(Nc4ccc(N5CC6CC(C5)N6)cc4C4CC4)ncc3C(F)(F)F)cc2S(=O)(=O)CCN1C1CC1;<=';5;luminescent ADP Glo Kinase Assay (Promega);Thiophene ULK1/2 inhibitors and their use thereof;WO2023087027;1
A243;O=C1c2sc(-c3nc(Nc4ccc(N5CC6CC(C5)N6)cc4C4CC4)ncc3C(F)(F)F)cc2S(=O)(=O)CCN1C1COC1;<=';5;luminescent ADP Glo Kinase Assay (Promega);Thiophene ULK1/2 inhibitors and their use thereof;WO2023087027;1
A244;O=C1c2sc(-c3nc(Nc4ccc(N5CC6CC(C5)N6)nc4C4CC4)ncc3C(F)(F)F)cc2S(=O)(=O)CCN1C1COC1;<=';5;luminescent ADP Glo Kinase Assay (Promega);Thiophene ULK1/2 inhibitors and their use thereof;WO2023087027;1
A245;O=C1c2sc(-c3nc(Nc4ccc(N5CC6CCC(C5)N6)cc4C4CC4)ncc3C(F)(F)F)cc2S(=O)(=O)CCN1C1CC1;<=';5;luminescent ADP Glo Kinase Assay (Promega);Thiophene ULK1/2 inhibitors and their use thereof;WO2023087027;1
A246;O=C1c2sc(-c3nc(Nc4ccc(N5CC6CCC(C5)N6)cc4C4CC4)ncc3C(F)(F)F)cc2S(=O)(=O)CCN1C1COC1;<=';5;luminescent ADP Glo Kinase Assay (Promega);Thiophene ULK1/2 inhibitors and their use thereof;WO2023087027;1
A247;O=C1c2sc(-c3nc(Nc4ccc(N5CCN(CC6CC6)CC5)cc4C4CC4)ncc3C(F)(F)F)cc2S(=O)(=O)CCN1C1CC1;<=';5;luminescent ADP Glo Kinase Assay (Promega);Thiophene ULK1/2 inhibitors and their use thereof;WO2023087027;1
A248;O=C1c2sc(-c3nc(Nc4ccc(N5CCN[C@@H](CO)C5)cc4C4CC4)ncc3C(F)(F)F)cc2S(=O)(=O)CCN1C1CC1;<=';5;luminescent ADP Glo Kinase Assay (Promega);Thiophene ULK1/2 inhibitors and their use thereof;WO2023087027;1
A249;O=C1c2sc(-c3nc(Nc4ccc(N5CCN[C@@H](CO)C5)cc4C4CC4)ncc3C(F)(F)F)cc2S(=O)(=O)CCN1C1COC1;<=';5;luminescent ADP Glo Kinase Assay (Promega);Thiophene ULK1/2 inhibitors and their use thereof;WO2023087027;1
A250;O=C1c2sc(-c3nc(Nc4ccc(N5CCNCC5)cc4C4CC4)ncc3C(F)(F)F)cc2S(=O)(=O)CCN1C1CC1;<=';5;luminescent ADP Glo Kinase Assay (Promega);Thiophene ULK1/2 inhibitors and their use thereof;WO2023087027;1
A251;O=C1c2sc(-c3nc(Nc4cnc(N5C[C@H]6C[C@@H]5CN6)cc4C4CC4)ncc3C(F)(F)F)cc2S(=O)(=O)CCN1C1COC1;<=';5;luminescent ADP Glo Kinase Assay (Promega);Thiophene ULK1/2 inhibitors and their use thereof;WO2023087027;1
A252;O=C1c2sc(-c3nc(Nc4cnc(N5CC6CC(C5)N6)cc4C4CC4)ncc3C(F)(F)F)cc2S(=O)(=O)CCN1C1COC1;<=';5;luminescent ADP Glo Kinase Assay (Promega);Thiophene ULK1/2 inhibitors and their use thereof;WO2023087027;1
A253;O=C1NCCS(=O)(=O)c2cc(-c3nc(Nc4cc5c(cc4Cl)CNC5)ncc3C(F)(F)F)sc21;<=';5;luminescent ADP Glo Kinase Assay (Promega);Thiophene ULK1/2 inhibitors and their use thereof;WO2023087027;1
A254;O=C1NCCS(=O)(=O)c2cc(-c3nc(Nc4cn(C5CCNCC5)nc4C4CC4)ncc3C(F)(F)F)sc21;<=';5;luminescent ADP Glo Kinase Assay (Promega);Thiophene ULK1/2 inhibitors and their use thereof;WO2023087027;1
A255;O=S1(=O)CCNS(=O)(=O)c2sc(-c3nc(Nc4cc5c(cc4C4CC4)CNCC5)ncc3C(F)(F)F)cc21;<=';5;luminescent ADP Glo Kinase Assay (Promega);Thiophene ULK1/2 inhibitors and their use thereof;WO2023087027;1
A256;O=S1(=O)CCNS(=O)(=O)c2sc(-c3nc(Nc4cc5c(cc4Cl)CNCC5)ncc3C(F)(F)F)cc21;<=';5;luminescent ADP Glo Kinase Assay (Promega);Thiophene ULK1/2 inhibitors and their use thereof;WO2023087027;1
A257;O=S1(=O)CCOCc2sc(-c3nc(Nc4cc5c(cc4Cl)CNCC5)ncc3C(F)(F)F)cc21;<=';5;luminescent ADP Glo Kinase Assay (Promega);Thiophene ULK1/2 inhibitors and their use thereof;WO2023087027;1
A258;O=C(c1cc(Cc2n[nH]c(=O)c3c2NCCC3)ccc1F)N1CCc2ccc(Nc3ncc(C(F)(F)F)c(NC4CC4)n3)cc2C1;=';5.17;Radiometric based assays;Dual-target Inhibitor of ULK1 and PARP1;CN117658985A;1
A259;O=C(c1cc(Cc2n[nH]c(=O)c3c2NCCC3)ccc1F)N1Cc2ccc(Nc3ncc(C(F)(F)F)c(NC4CC4)n3)cc2C1;=';5.35;Radiometric based assays;Dual-target Inhibitor of ULK1 and PARP1;CN117658985A;1
A260;O=C(NCC1(O)CC1)c1nc(-c2cnc3[nH]c(-c4ccc(F)cc4)cc3c2)cs1;=';5.477.225.575;in vitro;Inhibitors of ULK1 and Methods of Use;WO2023059786A1;1
A261;FC(F)(F)c1cnc(Nc2ccc3nn[nH]c3c2)nc1NC1CC1;=';6;ADP-Glo;Design, Synthesis, and Characterization of an Orally Active Dual-Specific ULK1/2 Autophagy Inhibitor that Synergizes with the PARP Inhibitor Olaparib for the Treatment of Triple-Negative Breast Cancer;doi: 10.1021/acs.jmedchem.0c00873;1
A262;CN1CCN(CCOc2ccc(-c3cc4cc(-c5csc(C(=O)NCC(F)(F)F)c5)cnc4[nH]3)cc2)CC1;=';6.302.095.821;in vitro;Inhibitors of ULK1 and Methods of Use;WO2023059786A1;1
A263;FC(F)(F)c1cnc(Nc2ccc3c(c2)OCCCO3)nc1NC1CC1;=';7;ADP-Glo;Design, Synthesis, and Characterization of an Orally Active Dual-Specific ULK1/2 Autophagy Inhibitor that Synergizes with the PARP Inhibitor Olaparib for the Treatment of Triple-Negative Breast Cancer;doi: 10.1021/acs.jmedchem.0c00873;1
A264;CN1CCc2cc(Nc3ncc(C4CC4)c(NCCCNC(=O)C4CCC4)n3)ccc2C1;=';7.021.395.873;in vitro;Pharmacological Inhibition of ULK1 Kinase Blocks Mammalian Target of Rapamycin (mTOR)-dependent Autophagy;doi: 10.1074/jbc.A114.627778doi: 10.1074/jbc.A114.627778;1
A265;O=C(NCC(F)(F)F)c1cc(-c2cnc3[nH]c(-c4ccc(OCCN5CCNCC5)cc4)cc3c2)cs1;=';7.079.457.844;in vitro;Development of potent and selective ULK1/2 inhibitors based on 7-azaindole scaffold with favorable in vivo properties;doi: 10.1016/j.ejmech.2023.116101;1
A266;FC(F)(F)c1cnc2[nH]c(C3=CCCNC3)cc2c1NCCN1CCNCC1;=';8;fluorescent signal  LanthaScreen;Inhibitors of ULK1 and Methods of Use;WO2023059786A1;1
A267;O=C(N[C@@H](C1CC1)C(F)(F)F)c1cc(-c2cnn3cc(-c4ccc(F)cc4)cnc23)cs1;=';8.3;Radiometric based assays（Filtration binding assay）KinaseProfiler Eurofins Pharma Discovery;A Potent and Selective ULK1 Inhibitor Suppresses Autophagy and Sensitizes Cancer Cells to Nutrient Stress;doi: 10.1016/j.isci.2018.09.012;1
A268;CC[C@@H](CO)NC(=O)c1cccc(-c2cnc3[nH]c(-c4ccc(F)cc4)cc3c2)n1;=';8.366.600.265;radiometric HotSpot™;Inhibitors of ULK1 and Methods of Use;WO2023059786A1;1
A269;CN[C@@H]1C[C@H]2O[C@@](C)([C@@H]1OC)n1c3ccccc3c3c4c(c5c6ccccc6n2c5c31)C(=O)NC4;=';8.95;Radiometric based assays（Filtration binding assay）Eurofins Pharma Discovery Services  Kinase activity profiling;ASR352, A potent anticancer agent: Synthesis, preliminary SAR, and biological activities against colorectal cancer bulk, 5-fluorouracil/oxaliplatin resistant and stem cells.;doi: 10.1016/j.ejmech.2018.10.052;1
A270;C[C@H](c1ccnc(Nc2nc3ccc(-c4cnn(CC5CC5)c4)cc3[nH]2)c1)N1CCN(C(=O)CC(F)(F)F)CC1;=';9;Radiometric based assays（Filtration binding assay）;Discovery of BAY-985, a Highly Selective TBK1/IKKε Inhibitor;doi: 10.1021/acs.jmedchem.9b01460;1
A271;COc1ccc(-c2cc3cc(-c4csc(C(=O)NCC(F)(F)F)c4)cnc3[nH]2)cc1;=';9.591.663.047;in vitro;Inhibitors of ULK1 and Methods of Use;WO2023059786A1;1
A272;O=C(NCC(F)(F)F)c1cc(-c2cnc3[nH]c(-c4ccccc4)cc3c2)cs1;=';9.988.148.765;in vitro;Inhibitors of ULK1 and Methods of Use;WO2023059786A1;1
A273;C[C@H]1CN(c2ccc(Nc3ncc(C(F)(F)F)c(-c4cc5c(s4)C(=O)N(C4CC4)CCS5(=O)=O)n3)c(C3CC3)c2)C[C@H](C)N1C;>''<=';5~10;luminescent ADP Glo Kinase Assay (Promega);Thiophene ULK1/2 inhibitors and their use thereof;WO2023087027;1
A274;C[C@H]1CN(c2ccc(Nc3ncc(C(F)(F)F)c(-c4cc5c(s4)C(=O)N(C4COC4)CCS5(=O)=O)n3)c(C3CC3)c2)C[C@H](C)N1C;>''<=';5~10;luminescent ADP Glo Kinase Assay (Promega);Thiophene ULK1/2 inhibitors and their use thereof;WO2023087027;1
A275;CCc1cc(C2CCN(CC(F)F)CC2)ccc1Nc1ncc(C(F)(F)F)c(-c2cc3c(s2)C(=O)N(C2COC2)CCS3(=O)=O)n1;>''<=';5~10;luminescent ADP Glo Kinase Assay (Promega);Thiophene ULK1/2 inhibitors and their use thereof;WO2023087027;1
A276;CCc1cc(C2CCNCC2)ccc1Nc1ncc(C(F)(F)F)c(-c2cc3c(s2)C(=O)N(C2CC2)CCS3(=O)=O)n1;>''<=';5~10;luminescent ADP Glo Kinase Assay (Promega);Thiophene ULK1/2 inhibitors and their use thereof;WO2023087027;1
A277;CCc1cc(N2C[C@@H]3C[C@H]2CN3C)ccc1Nc1ncc(C(F)(F)F)c(-c2cc3c(s2)C(=O)N(C2COC2)CCS3(=O)=O)n1;>''<=';5~10;luminescent ADP Glo Kinase Assay (Promega);Thiophene ULK1/2 inhibitors and their use thereof;WO2023087027;1
A278;CN1CC(n2cc(Nc3ncc(C(F)(F)F)c(-c4cc(S(C)(=O)=O)cs4)n3)c(C3CC3)n2)C1;>''<=';5~10;luminescent ADP Glo Kinase Assay (Promega);Thiophene ULK1/2 inhibitors and their use thereof;WO2023087027;1
A279;CN1CCS(=O)(=O)c2cc(-c3nc(Nc4ccc(N5CCNCC5)cc4C4CC4)ncc3C(F)(F)F)sc2C1=O;>''<=';5~10;luminescent ADP Glo Kinase Assay (Promega);Thiophene ULK1/2 inhibitors and their use thereof;WO2023087027;1
A280;N#CCN1CCc2cc(Nc3ncc(C(F)(F)F)c(-c4cc5c(s4)C(=O)N(C4COC4)CCS5(=O)=O)n3)c(C3CC3)cc2C1;>''<=';5~10;luminescent ADP Glo Kinase Assay (Promega);Thiophene ULK1/2 inhibitors and their use thereof;WO2023087027;1
A281;O=C1c2sc(-c3nc(Nc4cc5c(cc4C4CC4)CN(C4CC4)CC5)ncc3C(F)(F)F)cc2S(=O)(=O)CCN1C1CC1;>''<=';5~10;luminescent ADP Glo Kinase Assay (Promega);Thiophene ULK1/2 inhibitors and their use thereof;WO2023087027;1
A282;O=C1c2sc(-c3nc(Nc4cc5c(cc4C4CC4)CN(C4COC4)CC5)ncc3C(F)(F)F)cc2S(=O)(=O)CCN1C1CC1;>''<=';5~10;luminescent ADP Glo Kinase Assay (Promega);Thiophene ULK1/2 inhibitors and their use thereof;WO2023087027;1
A283;O=C1c2sc(-c3nc(Nc4cc5c(cc4C4CC4)CN(CCOC(F)(F)F)CC5)ncc3C(F)(F)F)cc2S(=O)(=O)CCN1C1COC1;>''<=';5~10;luminescent ADP Glo Kinase Assay (Promega);Thiophene ULK1/2 inhibitors and their use thereof;WO2023087027;1
A284;CC1(C)NC(=O)c2cc(-c3nc(Nc4cc5c(cc4Cl)CNCC5)ncc3C(F)(F)F)sc21;<=';10;luminescent ADP Glo Kinase Assay (Promega);Thiophene ULK1/2 inhibitors and their use thereof;WO2023087027;1
A285;Cc1cc2c(cc1Nc1ncc(C(F)(F)F)c(-c3cc(S(C)(=O)=O)cs3)n1)CN(C)C2;<=';10;luminescent ADP Glo Kinase Assay (Promega);Thiophene ULK1/2 inhibitors and their use thereof;WO2023087027;1
A286;Cc1cnc(Nc2cc3c(cc2Cl)CNCC3)nc1-c1cc(S(C)(=O)=O)cs1;<=';10;luminescent ADP Glo Kinase Assay (Promega);Thiophene ULK1/2 inhibitors and their use thereof;WO2023087027;1
A287;Cc1nn(C2CCN(C)CC2)cc1Nc1ncc(C(F)(F)F)c(-c2cc(S(C)(=O)=O)cs2)n1;<=';10;luminescent ADP Glo Kinase Assay (Promega);Thiophene ULK1/2 inhibitors and their use thereof;WO2023087027;1
A288;Cc1sc(-c2nc(Nc3cc4c(cc3Cl)CNCC4)ncc2C(F)(F)F)cc1C(N)=O;<=';10;luminescent ADP Glo Kinase Assay (Promega);Thiophene ULK1/2 inhibitors and their use thereof;WO2023087027;1
A289;CCc1cc(N2CCN(C)CC2)ccc1Nc1ncc(C(F)(F)F)c(-c2cc(C(N)=O)cs2)n1;<=';10;luminescent ADP Glo Kinase Assay (Promega);Thiophene ULK1/2 inhibitors and their use thereof;WO2023087027;1
A290;CCc1cc(N2CCN(C)CC2)ccc1Nc1ncc(C(F)(F)F)c(-c2cc3c(s2)CCNC3=O)n1;<=';10;luminescent ADP Glo Kinase Assay (Promega);Thiophene ULK1/2 inhibitors and their use thereof;WO2023087027;1
A291;CCc1cc2c(cc1Nc1ncc(C(F)(F)F)c(-c3cc(C(N)=O)cs3)n1)CCN(C)C2;<=';10;luminescent ADP Glo Kinase Assay (Promega);Thiophene ULK1/2 inhibitors and their use thereof;WO2023087027;1
A292;CCc1cc2c(cc1Nc1ncc(C(F)(F)F)c(-c3cc(C(N)=O)cs3)n1)CCNC2;<=';10;luminescent ADP Glo Kinase Assay (Promega);Thiophene ULK1/2 inhibitors and their use thereof;WO2023087027;1
A293;CCc1cc2c(cc1Nc1ncc(C(F)(F)F)c(-c3cc(S(C)(=O)=O)cs3)n1)CNC2;<=';10;luminescent ADP Glo Kinase Assay (Promega);Thiophene ULK1/2 inhibitors and their use thereof;WO2023087027;1
A294;CCc1cc2c(cc1Nc1ncc(C(F)(F)F)c(-c3cc4c(s3)CCNC4=O)n1)CCNC2;<=';10;luminescent ADP Glo Kinase Assay (Promega);Thiophene ULK1/2 inhibitors and their use thereof;WO2023087027;1
A295;CCN1CCc2sc(-c3nc(Nc4cc5c(cc4Cl)CNCC5)ncc3C(F)(F)F)cc2C1=O;<=';10;luminescent ADP Glo Kinase Assay (Promega);Thiophene ULK1/2 inhibitors and their use thereof;WO2023087027;1
A296;CCN1CCS(=O)(=O)c2cc(-c3nc(Nc4cc5c(cc4Cl)CNCC5)ncc3C(F)(F)F)sc2C1=O;<=';10;luminescent ADP Glo Kinase Assay (Promega);Thiophene ULK1/2 inhibitors and their use thereof;WO2023087027;1
A297;CCS(=O)(=O)c1csc(-c2nc(Nc3cc4c(cc3Cl)CNCC4)ncc2C(F)(F)F)c1;<=';10;luminescent ADP Glo Kinase Assay (Promega);Thiophene ULK1/2 inhibitors and their use thereof;WO2023087027;1
A298;CN(C)C(=O)c1ccc(-c2nc(Nc3cc4c(cc3Cl)CNCC4)ncc2C(F)(F)F)s1;<=';10;luminescent ADP Glo Kinase Assay (Promega);Thiophene ULK1/2 inhibitors and their use thereof;WO2023087027;1
A299;CN1C(=O)c2cc(-c3nc(Nc4cc5c(cc4Cl)CNCC5)ncc3C(F)(F)F)sc2C1(C)C;<=';10;luminescent ADP Glo Kinase Assay (Promega);Thiophene ULK1/2 inhibitors and their use thereof;WO2023087027;1
A300;CN1CC(N2Cc3cc(Cl)c(Nc4ncc(C(F)(F)F)c(-c5cc(C(N)=O)cs5)n4)cc3C2)C1;<=';10;luminescent ADP Glo Kinase Assay (Promega);Thiophene ULK1/2 inhibitors and their use thereof;WO2023087027;1
A301;CN1Cc2cc(Cl)c(Nc3ncc(C(F)(F)F)c(-c4cc(C(N)=O)cs4)n3)cc2C1;<=';10;luminescent ADP Glo Kinase Assay (Promega);Thiophene ULK1/2 inhibitors and their use thereof;WO2023087027;1
A302;CN1Cc2cc(Cl)c(Nc3ncc(C(F)(F)F)c(-c4cc(S(C)(=O)=O)cs4)n3)cc2C1;<=';10;luminescent ADP Glo Kinase Assay (Promega);Thiophene ULK1/2 inhibitors and their use thereof;WO2023087027;1
A303;CN1Cc2cc(F)c(Nc3ncc(C(F)(F)F)c(-c4cc(S(C)(=O)=O)cs4)n3)cc2C1;<=';10;luminescent ADP Glo Kinase Assay (Promega);Thiophene ULK1/2 inhibitors and their use thereof;WO2023087027;1
A304;CN1Cc2cc(Nc3ncc(C(F)(F)F)c(-c4cc(C(N)=O)cs4)n3)c(C3CC3)cc2C1;<=';10;luminescent ADP Glo Kinase Assay (Promega);Thiophene ULK1/2 inhibitors and their use thereof;WO2023087027;1
A305;CN1Cc2cc(Nc3ncc(C(F)(F)F)c(-c4cc(S(C)(=O)=O)cs4)n3)c(C3CC3)cc2C1;<=';10;luminescent ADP Glo Kinase Assay (Promega);Thiophene ULK1/2 inhibitors and their use thereof;WO2023087027;1
A306;CN1Cc2ccc(Nc3ncc(C(F)(F)F)c(-c4cc(S(C)(=O)=O)cs4)n3)cc2C1;<=';10;luminescent ADP Glo Kinase Assay (Promega);Thiophene ULK1/2 inhibitors and their use thereof;WO2023087027;1
A307;CN1CCC(n2cc(Nc3ncc(C(F)(F)F)c(-c4cc(S(C)(=O)=O)cs4)n3)c(C3CC3)n2)CC1;<=';10;luminescent ADP Glo Kinase Assay (Promega);Thiophene ULK1/2 inhibitors and their use thereof;WO2023087027;1
A308;CN1CCC(n2cc(Nc3ncc(C(F)(F)F)c(-c4cc5c(s4)CCNC5=O)n3)c(C3CC3)n2)CC1;<=';10;luminescent ADP Glo Kinase Assay (Promega);Thiophene ULK1/2 inhibitors and their use thereof;WO2023087027;1
A309;CN1CCc2cc(Cl)c(Nc3ncc(C(F)(F)F)c(-c4cc(S(C)(=O)=O)cs4)n3)cc2C1;<=';10;luminescent ADP Glo Kinase Assay (Promega);Thiophene ULK1/2 inhibitors and their use thereof;WO2023087027;1
A310;CN1CCc2cc(Cl)c(Nc3ncc(C(F)(F)F)c(-c4cc5c(s4)CCCNC5=O)n3)cc2C1;<=';10;luminescent ADP Glo Kinase Assay (Promega);Thiophene ULK1/2 inhibitors and their use thereof;WO2023087027;1
A311;CN1CCc2cc(F)c(Nc3ncc(C(F)(F)F)c(-c4cc(S(C)(=O)=O)cs4)n3)cc2C1;<=';10;luminescent ADP Glo Kinase Assay (Promega);Thiophene ULK1/2 inhibitors and their use thereof;WO2023087027;1
A312;CN1CCc2cc(Nc3ncc(C(F)(F)F)c(-c4cc(C(N)=O)cs4)n3)c(C3CC3)cc2C1;<=';10;luminescent ADP Glo Kinase Assay (Promega);Thiophene ULK1/2 inhibitors and their use thereof;WO2023087027;1
A313;CN1CCc2cc(Nc3ncc(C(F)(F)F)c(-c4cc(S(C)(=O)=O)c(C(N)=O)s4)n3)c(Cl)cc2C1;<=';10;luminescent ADP Glo Kinase Assay (Promega);Thiophene ULK1/2 inhibitors and their use thereof;WO2023087027;1
A314;CN1CCc2cc(Nc3ncc(C(F)(F)F)c(-c4cc(S(C)(=O)=O)c(C5CCOCC5)s4)n3)c(Cl)cc2C1;<=';10;luminescent ADP Glo Kinase Assay (Promega);Thiophene ULK1/2 inhibitors and their use thereof;WO2023087027;1
A315;CN1CCc2cc(Nc3ncc(C(F)(F)F)c(-c4cc(S(C)(=O)=O)cs4)n3)c(C3CC3)cc2C1;<=';10;luminescent ADP Glo Kinase Assay (Promega);Thiophene ULK1/2 inhibitors and their use thereof;WO2023087027;1
A316;CN1CCc2cc(Nc3ncc(C(F)(F)F)c(-c4cc(S(C)(=O)=O)cs4)n3)c(Cl)cc2C1;<=';10;luminescent ADP Glo Kinase Assay (Promega);Thiophene ULK1/2 inhibitors and their use thereof;WO2023087027;1
A317;CN1CCc2cc(Nc3ncc(C(F)(F)F)c(-c4cc(S(C)(=O)=O)cs4)n3)c(F)cc2C1;<=';10;luminescent ADP Glo Kinase Assay (Promega);Thiophene ULK1/2 inhibitors and their use thereof;WO2023087027;1
A318;CN1CCc2cc(Nc3ncc(C(F)(F)F)c(-c4cc(S(C)(=O)=O)cs4)n3)ccc2C1;<=';10;luminescent ADP Glo Kinase Assay (Promega);Thiophene ULK1/2 inhibitors and their use thereof;WO2023087027;1
A319;CN1CCc2cc(Nc3ncc(C(F)(F)F)c(-c4cc5c(s4)C(=O)N(C)CCS5(=O)=O)n3)c(Cl)cc2C1;<=';10;luminescent ADP Glo Kinase Assay (Promega);Thiophene ULK1/2 inhibitors and their use thereof;WO2023087027;1
A320;CN1CCc2cc(Nc3ncc(C(F)(F)F)c(-c4cc5c(s4)C(=O)NCCS5(=O)=O)n3)c(Cl)cc2C1;<=';10;luminescent ADP Glo Kinase Assay (Promega);Thiophene ULK1/2 inhibitors and their use thereof;WO2023087027;1
A321;CN1CCc2cc(Nc3ncc(C(F)(F)F)c(-c4cc5c(s4)CN(C)CCS5(=O)=O)n3)c(Cl)cc2C1;<=';10;luminescent ADP Glo Kinase Assay (Promega);Thiophene ULK1/2 inhibitors and their use thereof;WO2023087027;1
A322;CN1CCc2cc(Nc3ncc(C(F)(F)F)c(-c4cc5c(s4)CNCCS5(=O)=O)n3)c(Cl)cc2C1;<=';10;luminescent ADP Glo Kinase Assay (Promega);Thiophene ULK1/2 inhibitors and their use thereof;WO2023087027;1
A323;CN1CCc2ccc(Nc3ncc(C(F)(F)F)c(-c4cc(S(C)(=O)=O)cs4)n3)cc2C1;<=';10;luminescent ADP Glo Kinase Assay (Promega);Thiophene ULK1/2 inhibitors and their use thereof;WO2023087027;1
A324;CN1CCc2sc(-c3nc(Nc4cc5c(cc4Cl)CNCC5)ncc3C(F)(F)F)cc2C1=O;<=';10;luminescent ADP Glo Kinase Assay (Promega);Thiophene ULK1/2 inhibitors and their use thereof;WO2023087027;1
A325;Cn1ccc2sc(-c3nc(Nc4cc5c(cc4Cl)CNCC5)ncc3C(F)(F)F)cc2c1=O;<=';10;luminescent ADP Glo Kinase Assay (Promega);Thiophene ULK1/2 inhibitors and their use thereof;WO2023087027;1
A326;CN1CCCc2cc(Nc3ncc(C(F)(F)F)c(-c4cc(S(C)(=O)=O)cs4)n3)c(Cl)cc2C1;<=';10;luminescent ADP Glo Kinase Assay (Promega);Thiophene ULK1/2 inhibitors and their use thereof;WO2023087027;1
A327;CN1CCCc2sc(-c3nc(Nc4cc5c(cc4Cl)CNCC5)ncc3C(F)(F)F)cc2C1=O;<=';10;luminescent ADP Glo Kinase Assay (Promega);Thiophene ULK1/2 inhibitors and their use thereof;WO2023087027;1
A328;CN1CCN(c2ccc(Nc3ncc(C(F)(F)F)c(-c4cc(S(C)(=O)=O)cs4)n3)c(Cl)c2)CC1;<=';10;luminescent ADP Glo Kinase Assay (Promega);Thiophene ULK1/2 inhibitors and their use thereof;WO2023087027;1
A329;CN1CCN(c2ccc(Nc3ncc(C(F)(F)F)c(-c4cc(S(C)(=O)=O)cs4)n3)cc2)CC1;<=';10;luminescent ADP Glo Kinase Assay (Promega);Thiophene ULK1/2 inhibitors and their use thereof;WO2023087027;1
A330;CN1CCN(c2ccc(Nc3ncc(C(F)(F)F)c(-c4cc5c(s4)CCNC5=O)n3)c(C3CC3)c2)CC1;<=';10;luminescent ADP Glo Kinase Assay (Promega);Thiophene ULK1/2 inhibitors and their use thereof;WO2023087027;1
A331;Cn1ncc2sc(-c3nc(Nc4cc5c(cc4Cl)CNCC5)ncc3C(F)(F)F)cc2c1=O;<=';10;luminescent ADP Glo Kinase Assay (Promega);Thiophene ULK1/2 inhibitors and their use thereof;WO2023087027;1
A332;COCCOc1sc(-c2nc(Nc3cc4c(cc3Cl)CN(C)CC4)ncc2C(F)(F)F)cc1C(N)=O;<=';10;luminescent ADP Glo Kinase Assay (Promega);Thiophene ULK1/2 inhibitors and their use thereof;WO2023087027;1
A333;COCCOc1sc(-c2nc(Nc3cc4c(cc3Cl)CN(C)CC4)ncc2C(F)(F)F)cc1S(C)(=O)=O;<=';10;luminescent ADP Glo Kinase Assay (Promega);Thiophene ULK1/2 inhibitors and their use thereof;WO2023087027;1
A334;COCCOc1sc(-c2nc(Nc3cc4c(cc3Cl)CNCC4)ncc2C(F)(F)F)cc1C(N)=O;<=';10;luminescent ADP Glo Kinase Assay (Promega);Thiophene ULK1/2 inhibitors and their use thereof;WO2023087027;1
A335;COCCOc1sc(-c2nc(Nc3cc4c(cc3Cl)CNCC4)ncc2C(F)(F)F)cc1S(C)(=O)=O;<=';10;luminescent ADP Glo Kinase Assay (Promega);Thiophene ULK1/2 inhibitors and their use thereof;WO2023087027;1
A336;COCCS(=O)(=O)c1csc(-c2nc(Nc3cc4c(cc3C3CC3)CNCC4)ncc2C(F)(F)F)c1;<=';10;luminescent ADP Glo Kinase Assay (Promega);Thiophene ULK1/2 inhibitors and their use thereof;WO2023087027;1
A337;COCCS(=O)(=O)c1csc(-c2nc(Nc3cc4c(cc3Cl)CNCC4)ncc2C(F)(F)F)c1;<=';10;luminescent ADP Glo Kinase Assay (Promega);Thiophene ULK1/2 inhibitors and their use thereof;WO2023087027;1
A338;CS(=O)(=O)c1cc(-c2nc(Nc3cc4c(cc3Cl)CNCC4)ncc2C(F)(F)F)sc1C(N)=O;<=';10;luminescent ADP Glo Kinase Assay (Promega);Thiophene ULK1/2 inhibitors and their use thereof;WO2023087027;1
A339;CS(=O)(=O)c1cc(-c2nc(Nc3cc4c(cc3Cl)CNCC4)ncc2C(F)(F)F)sc1C1=CCOCC1;<=';10;luminescent ADP Glo Kinase Assay (Promega);Thiophene ULK1/2 inhibitors and their use thereof;WO2023087027;1
A340;CS(=O)(=O)c1cc(-c2nc(Nc3cc4c(cc3Cl)CNCC4)ncc2C(F)(F)F)sc1C1=CCS(=O)(=O)CC1;<=';10;luminescent ADP Glo Kinase Assay (Promega);Thiophene ULK1/2 inhibitors and their use thereof;WO2023087027;1
A341;CS(=O)(=O)c1cc(-c2nc(Nc3cc4c(cc3Cl)CNCC4)ncc2C(F)(F)F)sc1C1CCOCC1;<=';10;luminescent ADP Glo Kinase Assay (Promega);Thiophene ULK1/2 inhibitors and their use thereof;WO2023087027;1
A342;CS(=O)(=O)c1cc(-c2nc(Nc3cc4c(cc3Cl)CNCC4)ncc2C(F)(F)F)sc1C1CCS(=O)(=O)CC1;<=';10;luminescent ADP Glo Kinase Assay (Promega);Thiophene ULK1/2 inhibitors and their use thereof;WO2023087027;1
A343;CS(=O)(=O)c1cc(-c2nc(Nc3cc4c(cc3Cl)CNCC4)ncc2C(F)(F)F)sc1N1CCOCC1;<=';10;luminescent ADP Glo Kinase Assay (Promega);Thiophene ULK1/2 inhibitors and their use thereof;WO2023087027;1
A344;CS(=O)(=O)c1cc(-c2nc(Nc3cc4c(cc3Cl)CNCC4)ncc2C(F)(F)F)sc1N1CCS(=O)(=O)CC1;<=';10;luminescent ADP Glo Kinase Assay (Promega);Thiophene ULK1/2 inhibitors and their use thereof;WO2023087027;1
A345;CS(=O)(=O)c1csc(-c2nc(Nc3cc4c(cc3C3CC3)CNC4)ncc2C(F)(F)F)c1;<=';10;luminescent ADP Glo Kinase Assay (Promega);Thiophene ULK1/2 inhibitors and their use thereof;WO2023087027;1
A346;CS(=O)(=O)c1csc(-c2nc(Nc3cc4c(cc3C3CC3)CNCC4)ncc2C(F)(F)F)c1;<=';10;luminescent ADP Glo Kinase Assay (Promega);Thiophene ULK1/2 inhibitors and their use thereof;WO2023087027;1
A347;CS(=O)(=O)c1csc(-c2nc(Nc3cc4c(cc3Cl)CCNC4)ncc2C(F)(F)F)c1;<=';10;luminescent ADP Glo Kinase Assay (Promega);Thiophene ULK1/2 inhibitors and their use thereof;WO2023087027;1
A348;CS(=O)(=O)c1csc(-c2nc(Nc3cc4c(cc3Cl)CNC4)ncc2C(F)(F)F)c1;<=';10;luminescent ADP Glo Kinase Assay (Promega);Thiophene ULK1/2 inhibitors and their use thereof;WO2023087027;1
A349;CS(=O)(=O)c1csc(-c2nc(Nc3cc4c(cc3Cl)CNCC4)ncc2C(F)(F)F)c1;<=';10;luminescent ADP Glo Kinase Assay (Promega);Thiophene ULK1/2 inhibitors and their use thereof;WO2023087027;1
A350;CS(=O)(=O)c1csc(-c2nc(Nc3cc4c(cc3Cl)CNCC4)ncc2Cl)c1;<=';10;luminescent ADP Glo Kinase Assay (Promega);Thiophene ULK1/2 inhibitors and their use thereof;WO2023087027;1
A351;CS(=O)(=O)c1csc(-c2nc(Nc3cc4c(cc3Cl)CNCCC4)ncc2C(F)(F)F)c1;<=';10;luminescent ADP Glo Kinase Assay (Promega);Thiophene ULK1/2 inhibitors and their use thereof;WO2023087027;1
A352;CS(=O)(=O)c1csc(-c2nc(Nc3cc4c(cc3F)CCNC4)ncc2C(F)(F)F)c1;<=';10;luminescent ADP Glo Kinase Assay (Promega);Thiophene ULK1/2 inhibitors and their use thereof;WO2023087027;1
A353;CS(=O)(=O)c1csc(-c2nc(Nc3cc4c(cc3F)CNCC4)ncc2C(F)(F)F)c1;<=';10;luminescent ADP Glo Kinase Assay (Promega);Thiophene ULK1/2 inhibitors and their use thereof;WO2023087027;1
A354;CS(=O)(=O)c1csc(-c2nc(Nc3ccc4c(c3)CCNC4)ncc2C(F)(F)F)c1;<=';10;luminescent ADP Glo Kinase Assay (Promega);Thiophene ULK1/2 inhibitors and their use thereof;WO2023087027;1
A355;CS(=O)(=O)c1csc(-c2nc(Nc3ccc4c(c3)CNCC4)ncc2C(F)(F)F)c1;<=';10;luminescent ADP Glo Kinase Assay (Promega);Thiophene ULK1/2 inhibitors and their use thereof;WO2023087027;1
A356;CS(=O)(=O)c1csc(-c2nc(Nc3cn(C4CCNCC4)nc3C3CC3)ncc2C(F)(F)F)c1;<=';10;luminescent ADP Glo Kinase Assay (Promega);Thiophene ULK1/2 inhibitors and their use thereof;WO2023087027;1
A357;CS(=O)(=O)c1csc(-c2nc(Nc3cn(C4CNC4)nc3C3CC3)ncc2C(F)(F)F)c1;<=';10;luminescent ADP Glo Kinase Assay (Promega);Thiophene ULK1/2 inhibitors and their use thereof;WO2023087027;1
A358;CS(=O)(=O)N1CCc2sc(-c3nc(Nc4cc5c(cc4Cl)CNCC5)ncc3C(F)(F)F)cc2C1=O;<=';10;luminescent ADP Glo Kinase Assay (Promega);Thiophene ULK1/2 inhibitors and their use thereof;WO2023087027;1
A359;CS(=O)(=O)Nc1csc(-c2nc(Nc3cc4c(cc3Cl)CNCC4)ncc2C(F)(F)F)c1;<=';10;luminescent ADP Glo Kinase Assay (Promega);Thiophene ULK1/2 inhibitors and their use thereof;WO2023087027;1
A360;CSc1cc2c(cc1Nc1ncc(C(F)(F)F)c(-c3cc(S(C)(=O)=O)cs3)n1)CCN(C)C2;<=';10;luminescent ADP Glo Kinase Assay (Promega);Thiophene ULK1/2 inhibitors and their use thereof;WO2023087027;1
A361;CSc1cc2c(cc1Nc1ncc(C(F)(F)F)c(-c3cc4c(s3)CCNC4=O)n1)CCNC2;<=';10;luminescent ADP Glo Kinase Assay (Promega);Thiophene ULK1/2 inhibitors and their use thereof;WO2023087027;1
A362;NC(=O)c1csc(-c2nc(Nc3cc4c(cc3C3CC3)CNCC4)ncc2C(F)(F)F)c1;<=';10;luminescent ADP Glo Kinase Assay (Promega);Thiophene ULK1/2 inhibitors and their use thereof;WO2023087027;1
A363;NC(=O)c1csc(-c2nc(Nc3cc4c(cc3Cl)CN(C3CNC3)CC4)ncc2C(F)(F)F)c1;<=';10;luminescent ADP Glo Kinase Assay (Promega);Thiophene ULK1/2 inhibitors and their use thereof;WO2023087027;1
A364;NC(=O)c1csc(-c2nc(Nc3cc4c(cc3Cl)CNC4)ncc2C(F)(F)F)c1;<=';10;luminescent ADP Glo Kinase Assay (Promega);Thiophene ULK1/2 inhibitors and their use thereof;WO2023087027;1
A365;NC(=O)c1csc(-c2nc(Nc3cc4c(cc3Cl)CNCC4)ncc2C(F)(F)F)c1;<=';10;luminescent ADP Glo Kinase Assay (Promega);Thiophene ULK1/2 inhibitors and their use thereof;WO2023087027;1
A366;NS(=O)(=O)c1csc(-c2nc(Nc3cc4c(cc3Cl)CNCC4)ncc2C(F)(F)F)c1;<=';10;luminescent ADP Glo Kinase Assay (Promega);Thiophene ULK1/2 inhibitors and their use thereof;WO2023087027;1
A367;O=C(NCC(F)(F)F)c1ncc(-c2cnc3[nH]c(-c4ccc(F)cc4)cc3c2)s1;=';10;Filtration binding assay(LanthaScreen);Development of potent and selective ULK1/2 inhibitors based on 7-azaindole scaffold with favorable in vivo properties;doi: 10.1016/j.ejmech.2023.116101;1
A368;O=c1[nH]ccc2sc(-c3nc(Nc4cc5c(cc4Cl)CNCC5)ncc3C(F)(F)F)cc12;<=';10;luminescent ADP Glo Kinase Assay (Promega);Thiophene ULK1/2 inhibitors and their use thereof;WO2023087027;1
A369;O=C1NCCc2sc(-c3nc(Nc4cc5c(cc4C4CC4)CNCC5)ncc3C(F)(F)F)cc21;<=';10;luminescent ADP Glo Kinase Assay (Promega);Thiophene ULK1/2 inhibitors and their use thereof;WO2023087027;1
A370;O=C1NCCc2sc(-c3nc(Nc4cc5c(cc4Cl)CNC5)ncc3C(F)(F)F)cc21;<=';10;luminescent ADP Glo Kinase Assay (Promega);Thiophene ULK1/2 inhibitors and their use thereof;WO2023087027;1
A371;O=C1NCCc2sc(-c3nc(Nc4cc5c(cc4Cl)CNCC5)ncc3C(F)(F)F)cc21;<=';10;luminescent ADP Glo Kinase Assay (Promega);Thiophene ULK1/2 inhibitors and their use thereof;WO2023087027;1
A372;O=C1NCCc2sc(-c3nc(Nc4cc5c(cc4F)CNCC5)ncc3C(F)(F)F)cc21;<=';10;luminescent ADP Glo Kinase Assay (Promega);Thiophene ULK1/2 inhibitors and their use thereof;WO2023087027;1
A373;O=C1NCCCc2sc(-c3nc(Nc4cc5c(cc4Cl)CCNC5)ncc3C(F)(F)F)cc21;<=';10;luminescent ADP Glo Kinase Assay (Promega);Thiophene ULK1/2 inhibitors and their use thereof;WO2023087027;1
A374;O=C1NCCCc2sc(-c3nc(Nc4cc5c(cc4Cl)CNCC5)ncc3C(F)(F)F)cc21;<=';10;luminescent ADP Glo Kinase Assay (Promega);Thiophene ULK1/2 inhibitors and their use thereof;WO2023087027;1
A375;O=C1NCCNc2sc(-c3nc(Nc4cc5c(cc4Cl)CNCC5)ncc3C(F)(F)F)cc21;<=';10;luminescent ADP Glo Kinase Assay (Promega);Thiophene ULK1/2 inhibitors and their use thereof;WO2023087027;1
A376;O=C1NCCOc2sc(-c3nc(Nc4cc5c(cc4Cl)CNCC5)ncc3C(F)(F)F)cc21;<=';10;luminescent ADP Glo Kinase Assay (Promega);Thiophene ULK1/2 inhibitors and their use thereof;WO2023087027;1
A377;O=C1NCCS(=O)(=O)c2cc(-c3nc(Nc4cc5c(cc4Cl)CNCC5)ncc3C(F)(F)F)sc21;<=';10;luminescent ADP Glo Kinase Assay (Promega);Thiophene ULK1/2 inhibitors and their use thereof;WO2023087027;1
A378;O=C1NCCS(=O)(=O)c2cc(-c3nc(Nc4cc5c(cc4F)CNCC5)ncc3C(F)(F)F)sc21;<=';10;luminescent ADP Glo Kinase Assay (Promega);Thiophene ULK1/2 inhibitors and their use thereof;WO2023087027;1
A379;O=S1(=O)CCCOc2sc(-c3nc(Nc4cc5c(cc4Cl)CNCC5)ncc3C(F)(F)F)cc21;<=';10;luminescent ADP Glo Kinase Assay (Promega);Thiophene ULK1/2 inhibitors and their use thereof;WO2023087027;1
A380;O=S1(=O)CCNCc2sc(-c3nc(Nc4cc5c(cc4Cl)CN(C4CC4)CC5)ncc3C(F)(F)F)cc21;<=';10;luminescent ADP Glo Kinase Assay (Promega);Thiophene ULK1/2 inhibitors and their use thereof;WO2023087027;1
A381;O=S1(=O)CCNCc2sc(-c3nc(Nc4cc5c(cc4Cl)CNCC5)ncc3C(F)(F)F)cc21;<=';10;luminescent ADP Glo Kinase Assay (Promega);Thiophene ULK1/2 inhibitors and their use thereof;WO2023087027;1
A382;O=S1(=O)NCCCc2sc(-c3nc(Nc4cc5c(cc4Cl)CNCC5)ncc3C(F)(F)F)cc21;<=';10;luminescent ADP Glo Kinase Assay (Promega);Thiophene ULK1/2 inhibitors and their use thereof;WO2023087027;1
A383;O=S1(=O)NCCOc2sc(-c3nc(Nc4cc5c(cc4Cl)CNCC5)ncc3C(F)(F)F)cc21;<=';10;luminescent ADP Glo Kinase Assay (Promega);Thiophene ULK1/2 inhibitors and their use thereof;WO2023087027;1
A384;O=C(c1cc(Cc2n[nH]c(=O)c3c2NCCC3)ccc1F)N1CCc2ncc(Nc3ncc(C(F)(F)F)c(NC4CC4)n3)cc2C1;=';11.8;Radiometric based assays;Dual-target Inhibitor of ULK1 and PARP1;CN117658985A;1
A385;CNC(=O)c1ccccc1Nc1cc(Nc2ccc(C(=O)N3CCOCC3)cn2)ncc1C(F)(F)F;=';12;Alpha Screen;Rationally and Computationally Guided Synthesis Targeting the Inhibition of Cancer;Ph.D. thesis, The Scripps Research InstitutePh.D. thesis, The Scripps Research Institute;1
A386;FC(F)(F)c1cnc2[nH]c(C3=CCOCC3)cc2c1NCCN1CCNCC1;=';1.264.911.064;in vitro;Inhibitors of ULK1 and Methods of Use;WO2023059786A1;1
A387;COc1ccc(Nc2ncc(C(F)(F)F)c(NC3CC3)n2)cc1OC;=';13;ADP-Glo;Design, Synthesis, and Characterization of an Orally Active Dual-Specific ULK1/2 Autophagy Inhibitor that Synergizes with the PARP Inhibitor Olaparib for the Treatment of Triple-Negative Breast Cancer;doi: 10.1021/acs.jmedchem.0c00873;1
A388;FC(F)(F)c1cnc(Nc2ccc3nccnc3c2)nc1NC1CC1;=';13;ADP-Glo;Design, Synthesis, and Characterization of an Orally Active Dual-Specific ULK1/2 Autophagy Inhibitor that Synergizes with the PARP Inhibitor Olaparib for the Treatment of Triple-Negative Breast Cancer;doi: 10.1021/acs.jmedchem.0c00873;1
A389;O=C(Nc1ccc(Nc2ncc(C(F)(F)F)c(NC3CC3)n2)cc1)C1CC1;=';13;ADP-Glo;Design, Synthesis, and Characterization of an Orally Active Dual-Specific ULK1/2 Autophagy Inhibitor that Synergizes with the PARP Inhibitor Olaparib for the Treatment of Triple-Negative Breast Cancer;doi: 10.1021/acs.jmedchem.0c00873;1
A390;O=C(NCC(F)(F)F)c1cccc(-c2cnc3[nH]c(-c4ccc(F)cc4)cc3c2)n1;=';1.322.875.656;in vitro;Inhibitors of ULK1 and Methods of Use;WO2023059786A1;1
A391;O=C(NCC1(O)CCC1)c1nc(-c2cnc3[nH]c(-c4ccc(F)cc4)cc3c2)cs1;=';1.326.649.916;in vitro;Inhibitors of ULK1 and Methods of Use;WO2023059786A1;1
A392;COC(=O)c1cc2c(OC(C)C)cc(OC(C)C)cc2[nH]1;=';13.6;ADP-Glo;The role of the key autophagy kinase ULK1 in hepatocellular carcinoma and its validation as a treatment target;doi: 10.1080/15548627.2019.1709762;1
A393;O=C(NCC(F)F)c1nc(-c2cnc3[nH]c(-c4ccc(F)cc4)cc3c2)cs1;=';1.385.640.646;in vitro;Inhibitors of ULK1 and Methods of Use;WO2023059786A1;1
A394;COc1cncc(Nc2ncc(C(F)(F)F)c(NC3CC3)n2)c1;=';14;ADP-Glo;Design, Synthesis, and Characterization of an Orally Active Dual-Specific ULK1/2 Autophagy Inhibitor that Synergizes with the PARP Inhibitor Olaparib for the Treatment of Triple-Negative Breast Cancer;doi: 10.1021/acs.jmedchem.0c00873;1
A395;FC(F)(F)c1cnc(Nc2ccc3[nH]ncc3c2)nc1NC1CC1;=';14;ADP-Glo;Design, Synthesis, and Characterization of an Orally Active Dual-Specific ULK1/2 Autophagy Inhibitor that Synergizes with the PARP Inhibitor Olaparib for the Treatment of Triple-Negative Breast Cancer;doi: 10.1021/acs.jmedchem.0c00873;1
A396;FC(F)(F)c1cnc(Nc2ccc3c(c2)OCCO3)nc1NC1CC1;=';14;ADP-Glo;Design, Synthesis, and Characterization of an Orally Active Dual-Specific ULK1/2 Autophagy Inhibitor that Synergizes with the PARP Inhibitor Olaparib for the Treatment of Triple-Negative Breast Cancer;doi: 10.1021/acs.jmedchem.0c00873;1
A397;FC(F)(F)c1cnc2[nH]c(C3=CCNCC3)cc2c1NCCN1CCNCC1;=';14;fluorescent signal  LanthaScreen;Inhibitors of ULK1 and Methods of Use;WO2023059786A1;1
A398;Fc1ccc(-c2cc3c(NCC(F)(F)F)c(C(F)(F)F)cnc3[nH]2)cc1;=';1.449.137.675;in vitro;Inhibitors of ULK1 and Methods of Use;WO2023059786A1;1
A399;O=C(NCC(F)(F)F)c1cc(-c2cnc3[nH]c(-c4ccc(OCCN5CCCCC5)cc4)cc3c2)cs1;=';1.449.137.675;in vitro;Inhibitors of ULK1 and Methods of Use;WO2023059786A1;1
A400;Fc1ccc(-c2cc3c(NC4CCC4)c(C(F)(F)F)cnc3[nH]2)cc1;=';1.469.693.846;in vitro;Inhibitors of ULK1 and Methods of Use;WO2023059786A1;1
A401;C[C@@H](CO)NC(=O)c1cc(-c2cnc3[nH]c(C4=CCCNC4)cc3c2)cs1;=';15;fluorescent signal  LanthaScreen;Inhibitors of ULK1 and Methods of Use;WO2023059786A1;1
A402;CNC(=O)c1ccccc1Nc1nc(Nc2ccc(N3CCOCC3)c(Cl)c2)ncc1Cl;=';15;Fluorescence resonance energy transfer（AlphaScreen）;Chemical Synthesis and Use of in silico Methods for the Rational Design of Small Molecule anti-Cancer Therapeutic Candidates;Ph.D. thesis, The Scripps Research InstitutePh.D. thesis, The Scripps Research Institute;1
A403;C[C@@H](CO)NC(=O)c1cc(-c2cnc3[nH]c(C4=CCNCC4)cc3c2)cs1;=';16;fluorescent signal  LanthaScreen;Inhibitors of ULK1 and Methods of Use;WO2023059786A1;1
A404;FC(F)(F)c1cnc(Nc2cnc3ccccc3c2)nc1NC1CC1;=';16;ADP-Glo;Design, Synthesis, and Characterization of an Orally Active Dual-Specific ULK1/2 Autophagy Inhibitor that Synergizes with the PARP Inhibitor Olaparib for the Treatment of Triple-Negative Breast Cancer;doi: 10.1021/acs.jmedchem.0c00873;1
A405;CC[C@@H](CO)NC(=O)c1cc(-c2cnc3[nH]c(-c4ccc(F)cc4)cc3c2)cs1;=';1.671.336.962;in vitro;Inhibitors of ULK1 and Methods of Use;WO2023059786A1;1
A406;FC(F)(F)c1cnc(Nc2cnc3[nH]ccc3c2)nc1NC1CCC1;=';17;ADP-Glo;Design, Synthesis, and Characterization of an Orally Active Dual-Specific ULK1/2 Autophagy Inhibitor that Synergizes with the PARP Inhibitor Olaparib for the Treatment of Triple-Negative Breast Cancer;doi: 10.1021/acs.jmedchem.0c00873;1
A407;O=C(c1ccc(/C=C/c2n[nH]c3ccccc23)cc1)N1CCNCC1;=';17.68;Luminescence detection ;Application of Compound KW-2449 in the Preparation of Drugs for Inhibiting Ferroptosis;CN117503773A;1
A408;O=C(NCC(F)(F)F)c1cc(-c2cnc3[nH]c(-c4ccc(F)cc4)cc3c2)cs1;=';177.827.941;in vitro;Development of potent and selective ULK1/2 inhibitors based on 7-azaindole scaffold with favorable in vivo properties;doi: 10.1016/j.ejmech.2023.116101;1
A409;C[C@@H](CO)NC(=O)c1cc(-c2cnc3[nH]c(C4=CCN(C)CC4)cc3c2)cs1;=';19;fluorescent signal  LanthaScreen;Inhibitors of ULK1 and Methods of Use;WO2023059786A1;1
A410;FC(F)(F)c1cnc(Nc2ccc3ncoc3c2)nc1NC1CC1;=';19;ADP-Glo;Design, Synthesis, and Characterization of an Orally Active Dual-Specific ULK1/2 Autophagy Inhibitor that Synergizes with the PARP Inhibitor Olaparib for the Treatment of Triple-Negative Breast Cancer;doi: 10.1021/acs.jmedchem.0c00873;1
A411;O=C(c1cc(Cc2n[nH]c(=O)c3ccccc23)ccc1F)N1CCc2cc(Nc3ncc(C(F)(F)F)c(NC4CC4)n3)ccc2C1;=';19.8;Radiometric based assays;Dual-target Inhibitor of ULK1 and PARP1;CN117658985A;1
A412;O=C(NCC(F)(F)F)c1cc(-c2cnc3[nH]c(-c4cccc(F)c4)cc3c2)cs1;=';1.995.262.315;in vitro;Development of potent and selective ULK1/2 inhibitors based on 7-azaindole scaffold with favorable in vivo properties;doi: 10.1016/j.ejmech.2023.116101;1
A413;C=CCCOc1ccc(Nc2nc(Nc3ccc(OC)c(OCC=C)c3)ncc2C(F)(F)F)c(C(=O)NC)c1;<';20;ADP-Glo;Macrocyclic ULK1/2 inhibitors;WO2021163627A1;1
A414;CNC(=O)c1cc2ccc1Nc1nc(ncc1C(F)(F)F)Nc1ccc(OC)c(c1)OC/C=C/CCO2;<';20;ADP-Glo;Macrocyclic ULK1/2 inhibitors;WO2021163627A1;1
A415;CNC(=O)c1cc2ccc1NC1=C(C(F)(F)F)C=NC(N1)Nc1ccc(c(OC)c1)OCCCCCO2;<';20;ADP-Glo;Macrocyclic ULK1/2 inhibitors;WO2021163627A1;1
A416;CNC(=O)c1cc2ccc1Nc1cc(C(F)(F)F)nc(n1)Nc1ccc(OC)c(c1)OCCCCCO2;<';20;ADP-Glo;Macrocyclic ULK1/2 inhibitors;WO2021163627A1;1
A417;CNC(=O)c1cc2ccc1Nc1nc(ncc1C(F)(F)F)Nc1ccc(c(O)c1)OC/C=C/CCCO2;<';20;ADP-Glo;Macrocyclic ULK1/2 inhibitors;WO2021163627A1;1
A418;CNC(=O)c1cc2ccc1Nc1nc(ncc1C(F)(F)F)Nc1ccc(c(OC)c1)OCCCCCCO2;<';20;ADP-Glo;Macrocyclic ULK1/2 inhibitors;WO2021163627A1;1
A419;CNC(=O)c1cc2ccc1Nc1nc(ncc1C(F)(F)F)Nc1ccc(OC)c(c1)OC/C=C/CCCO2;<';20;ADP-Glo;Macrocyclic ULK1/2 inhibitors;WO2021163627A1;1
A420;CNC(=O)c1cc2ccc1Nc1nc(ncc1C(F)(F)F)Nc1ccc(OC)c(c1)OC/C=C\CCCO2;<';20;ADP-Glo;Macrocyclic ULK1/2 inhibitors;WO2021163627A1;1
A421;CNC(=O)c1cc2ccc1Nc1nc(ncc1C(F)(F)F)Nc1ccc(OC)c(c1)OCCCCCCO2;<';20;ADP-Glo;Macrocyclic ULK1/2 inhibitors;WO2021163627A1;1
A422;CNC(=O)c1ccc2cc1Nc1nc(ncc1C(F)(F)F)Nc1ccc(c(OC)c1)OC/C=C/CCCO2;>';20;ADP-Glo;Macrocyclic ULK1/2 inhibitors;WO2021163627A1;0
A423;CNC(=O)c1ccc2cc1Nc1nc(ncc1C(F)(F)F)Nc1ccc(c(OC)c1)OC/C=C/CCO2;>';20;ADP-Glo;Macrocyclic ULK1/2 inhibitors;WO2021163627A1;0
A424;CNC(=O)c1ccc2cc1Nc1nc(ncc1C(F)(F)F)Nc1ccc(c(OC)c1)OC/C=C\CCCO2;>';20;ADP-Glo;Macrocyclic ULK1/2 inhibitors;WO2021163627A1;0
A425;CNC(=O)c1ccc2cc1Nc1nc(ncc1C(F)(F)F)Nc1ccc(c(OC)c1)OCCCCCCO2;>';20;ADP-Glo;Macrocyclic ULK1/2 inhibitors;WO2021163627A1;0
A426;CNC(=O)c1ccc2cc1Nc1nc(ncc1C(F)(F)F)Nc1ccc(c(OC)c1)OCCCCCO2;>';20;ADP-Glo;Macrocyclic ULK1/2 inhibitors;WO2021163627A1;0
A427;CNC(=O)c1ccc2cc1Nc1nc(ncc1C(F)(F)F)Nc1ccc(OC)c(c1)OC/C=C/CCCO2;>';20;ADP-Glo;Macrocyclic ULK1/2 inhibitors;WO2021163627A1;0
A428;CNC(=O)c1ccc2cc1Nc1nc(ncc1C(F)(F)F)Nc1ccc(OC)c(c1)OC/C=C/CCO2;>';20;ADP-Glo;Macrocyclic ULK1/2 inhibitors;WO2021163627A1;0
A429;CNC(=O)c1cc2ccc1Nc1nc(ncc1C(F)(F)F)Nc1ccc(c(OC)c1)OC/C=C\CCO2;>';20;ADP-Glo;Macrocyclic ULK1/2 inhibitors;WO2021163627A1;0
A430;CNC(=O)c1ccc2cc1Nc1nc(ncc1C(F)(F)F)Nc1ccc(OC)c(c1)OCCCCCCO2;>';20;ADP-Glo;Macrocyclic ULK1/2 inhibitors;WO2021163627A1;0
A431;CCC(=O)c1ccc2cc1Nc1nc(ncc1C(F)(F)F)Nc1ccc(OC)c(c1)OC/C=C\CCO2;>';20;ADP-Glo;Macrocyclic ULK1/2 inhibitors;WO2021163627A1;0
A432;CNC(=O)C1=C2C=C(CC1)OCCC/C=C\COc1cc(ccc1OC)Nc1ncc(C(F)(F)F)c(n1)N2;>';20;ADP-Glo;Macrocyclic ULK1/2 inhibitors;WO2021163627A1;0
A433;CNC(=O)c1cc2ccc1Nc1nc(ncc1C(F)(F)F)Nc1ccc(c(OC)c1)OC/C=C/CCO2;>';20;ADP-Glo;Macrocyclic ULK1/2 inhibitors;WO2021163627A1;0
A434;C=CCCCOc1ccc(Nc2nc(Nc3ccc(OCC=C)c(OC)c3)ncc2C(F)(F)F)c(C(=O)NC)c1;>';20;ADP-Glo;Macrocyclic ULK1/2 inhibitors;WO2021163627A1;0
A435;C=CCCOc1ccc(Nc2nc(Nc3ccc(OCC=C)c(OC)c3)ncc2C(F)(F)F)c(C(=O)NC)c1;>';20;ADP-Glo;Macrocyclic ULK1/2 inhibitors;WO2021163627A1;0
A436;CNC(=O)c1ccc2cc1Nc1nc(ncc1C(F)(F)F)Nc1ccc(OC)c(c1)OCCCCCO2;>';20;ADP-Glo;Macrocyclic ULK1/2 inhibitors;WO2021163627A1;0
A437;Nc1ccc(Nc2ncc(C(F)(F)F)c(NC3CC3)n2)cc1;=';20;ADP-Glo;Design, Synthesis, and Characterization of an Orally Active Dual-Specific ULK1/2 Autophagy Inhibitor that Synergizes with the PARP Inhibitor Olaparib for the Treatment of Triple-Negative Breast Cancer;doi: 10.1021/acs.jmedchem.0c00873;0
A438;FC(F)(F)c1cnc(Nc2ccc3c(c2)OCO3)nc1NC1CC1;=';21;ADP-Glo;Design, Synthesis, and Characterization of an Orally Active Dual-Specific ULK1/2 Autophagy Inhibitor that Synergizes with the PARP Inhibitor Olaparib for the Treatment of Triple-Negative Breast Cancer;doi: 10.1021/acs.jmedchem.0c00873;0
A439;O=C(NC[C@H](O)CO)c1nc(-c2cnc3[nH]c(-c4ccc(F)cc4)cc3c2)cs1;=';2.213.594.362;in vitro;Inhibitors of ULK1 and Methods of Use;WO2023059786A1;0
A440;O=C(NCC(O)C(F)(F)F)c1nc(-c2cnc3[nH]c(-c4ccc(F)cc4)cc3c2)cs1;=';2.220.360.331;in vitro;Inhibitors of ULK1 and Methods of Use;WO2023059786A1;0
A441;FC(F)(F)c1cnc(Nc2ccc3[nH]ccc3c2)nc1NC1CC1;=';23;ADP-Glo;Design, Synthesis, and Characterization of an Orally Active Dual-Specific ULK1/2 Autophagy Inhibitor that Synergizes with the PARP Inhibitor Olaparib for the Treatment of Triple-Negative Breast Cancer;doi: 10.1021/acs.jmedchem.0c00873;0
A442;O=C(NCCF)c1nc(-c2cnc3[nH]c(-c4ccc(F)cc4)cc3c2)cs1;=';2.323.790.008;in vitro;Inhibitors of ULK1 and Methods of Use;WO2023059786A1;0
A443;O=C(NCC1CC1)c1nc(-c2cnc3[nH]c(-c4ccc(F)cc4)cc3c2)cs1;=';2.336.664.289;in vitro;Inhibitors of ULK1 and Methods of Use;WO2023059786A1;0
A444;O=C(NCC(O)C(F)(F)F)c1cc(-c2cnc3[nH]c(-c4ccc(F)cc4)cc3c2)cs1;=';2.537.715.508;in vitro;Inhibitors of ULK1 and Methods of Use;WO2023059786A1;0
A445;O=C(NCC1(O)CC1)c1cc(-c2cnc3[nH]c(C4=CCCNC4)cc3c2)cs1;=';26;fluorescent signal  LanthaScreen;Inhibitors of ULK1 and Methods of Use;WO2023059786A1;0
A446;CNC(=O)c1ccccc1Nc1nc(Nc2cc(OC)c(OC)c(OC)c2)ncc1Br;=';2.615.339.366;in vitro;Rationally and Computationally Guided Synthesis Targeting the Inhibition of Cancer;Ph.D. thesis, The Scripps Research InstitutePh.D. thesis, The Scripps Research Institute;0
A447;O=C(CC(F)(F)F)N1CCN(Cc2ccnc(Nc3nc4ccc(-c5cnn(CC6CC6)c5)cc4[nH]3)c2)CC1;=';28;Radiometric based assays（Filtration binding assay）;Discovery of BAY-985, a Highly Selective TBK1/IKKε Inhibitor;doi: 10.1021/acs.jmedchem.9b01460;0
A448;C[C@@H](CO)NC(=O)c1cc(-c2cnc3[nH]c(C4=CCNC4)cc3c2)cs1;=';29;fluorescent signal  LanthaScreen;Inhibitors of ULK1 and Methods of Use;WO2023059786A1;0
A449;FC(F)(F)c1cnc(Nc2cnc3[nH]ccc3c2)nc1NC1CC1;=';29;ADP-Glo;Design, Synthesis, and Characterization of an Orally Active Dual-Specific ULK1/2 Autophagy Inhibitor that Synergizes with the PARP Inhibitor Olaparib for the Treatment of Triple-Negative Breast Cancer;doi: 10.1021/acs.jmedchem.0c00873;0
A450;O=C(C1CC1)N(C(=O)C1CC1)c1ccc(Nc2ncc(C(F)(F)F)c(NC3CC3)n2)cc1;=';30;ADP-Glo;Design, Synthesis, and Characterization of an Orally Active Dual-Specific ULK1/2 Autophagy Inhibitor that Synergizes with the PARP Inhibitor Olaparib for the Treatment of Triple-Negative Breast Cancer;doi: 10.1021/acs.jmedchem.0c00873;0
A451;c1ccc2c(Nc3cc(C4CCC4)[nH]n3)nc(Nc3ccc4[nH]ncc4c3)nc2c1;=';31;Radiometric based assays（Filtration binding assay）;Structure of the Human Autophagy Initiating Kinase ULK1 in Complex with Potent Inhibitors;doi: 10.1021/cb500835z;0
A452;CCN1CCOc2cc(Nc3ncc(C(F)(F)F)c(NC4CC4)n3)cnc21;=';31;ADP-Glo;Design, Synthesis, and Characterization of an Orally Active Dual-Specific ULK1/2 Autophagy Inhibitor that Synergizes with the PARP Inhibitor Olaparib for the Treatment of Triple-Negative Breast Cancer;doi: 10.1021/acs.jmedchem.0c00873;0
A453;Nc1nc2cc(Nc3nc(Nc4cc(C5CCC5)[nH]n4)c4ccccc4n3)ccc2[nH]1;=';31;Radiometric based assays（Filtration binding assay）;Structure of the Human Autophagy Initiating Kinase ULK1 in Complex with Potent Inhibitors;doi: 10.1021/cb500835z;0
A454;O=C(NCC(O)C(F)(F)F)c1cccc(-c2cnc3[nH]c(-c4ccc(F)cc4)cc3c2)n1;=';3.130.495.168;in vitro;Inhibitors of ULK1 and Methods of Use;WO2023059786A1;0
A455;CNc1nc(Nc2cnc3[nH]ccc3c2)ncc1C(F)(F)F;=';34;ADP-Glo;Design, Synthesis, and Characterization of an Orally Active Dual-Specific ULK1/2 Autophagy Inhibitor that Synergizes with the PARP Inhibitor Olaparib for the Treatment of Triple-Negative Breast Cancer;doi: 10.1021/acs.jmedchem.0c00873;0
A456;C[C@H](CO)NC(=O)c1cc(-c2cnc3[nH]c(C4=CCCNC4)cc3c2)cs1;=';36;fluorescent signal  LanthaScreen;Inhibitors of ULK1 and Methods of Use;WO2023059786A1;0
A457;O=C(NC[C@H](O)CO)c1cccc(-c2cnc3[nH]c(-c4ccc(F)cc4)cc3c2)n1;=';3.839.270.764;in vitro;Inhibitors of ULK1 and Methods of Use;WO2023059786A1;0
A458;O=C(NCC(F)(F)F)c1cc(-c2cnc3[nH]c(-c4ccccc4F)cc3c2)cs1;=';3.872.983.346;in vitro;Inhibitors of ULK1 and Methods of Use;WO2023059786A1;0
A459;O=C(NCC(F)(F)F)c1cccc(-c2cnc3[nH]c(-c4ccc(F)cc4)cc3c2)c1;=';3.981.071.706;in vitro;Development of potent and selective ULK1/2 inhibitors based on 7-azaindole scaffold with favorable in vivo properties;doi: 10.1016/j.ejmech.2023.116101;0
A460;CC(C)Oc1cc(OC(C)C)c2cc(C(=O)OCCN(C)C)[nH]c2c1;=';40;ADP-Glo;Substituted Fused Heterocyclic Compounds, Methods of Preparation, and Uses for Inhibiting ULK1 and Antitumor Applications;CN112358435B;0
A461;FC(F)(F)c1cnc(Nc2ccnnc2)nc1NC1CC1;=';40;ADP-Glo;Design, Synthesis, and Characterization of an Orally Active Dual-Specific ULK1/2 Autophagy Inhibitor that Synergizes with the PARP Inhibitor Olaparib for the Treatment of Triple-Negative Breast Cancer;doi: 10.1021/acs.jmedchem.0c00873;0
A462;NC1CCCC(C(=O)Nc2ccc3[nH]nc(Nc4cccc5ncccc45)c3c2)C1;=';40;Fluorescence resonance energy transfer（AlphaScreen）;In Silico HTS and Structure Based Optimization of Indazole-Derived ULK1 Inhibitors;doi: 10.1021/acsmedchemlett.7b00344;0
A463;FC1(F)Oc2ccc(Nc3ncc(C(F)(F)F)c(NC4CC4)n3)cc2O1;=';42;ADP-Glo;Design, Synthesis, and Characterization of an Orally Active Dual-Specific ULK1/2 Autophagy Inhibitor that Synergizes with the PARP Inhibitor Olaparib for the Treatment of Triple-Negative Breast Cancer;doi: 10.1021/acs.jmedchem.0c00873;0
A464;O=C(NCC1(O)CCCC1)c1nc(-c2cnc3[nH]c(-c4ccc(F)cc4)cc3c2)cs1;=';4.242.640.687;in vitro;Inhibitors of ULK1 and Methods of Use;WO2023059786A1;0
A465;N[C@H]1CCC[C@@H](C(=O)Nc2ccc3[nH]nc(Nc4cccc5ccccc45)c3c2)C1;=';45;Fluorescence resonance energy transfer（AlphaScreen）;In Silico HTS and Structure Based Optimization of Indazole-Derived ULK1 Inhibitors;doi: 10.1021/acsmedchemlett.7b00344;0
A466;O=C(NCCCNc1nc(Nc2cccc(CN3CCOCC3)c2)ncc1C1CC1)C1CCC1;=';45;in vitro;Pharmacological Inhibition of ULK1 Kinase Blocks Mammalian Target of Rapamycin (mTOR)-dependent Autophagy;doi: 10.1074/jbc.A114.627778doi: 10.1074/jbc.A114.627778;0
A467;O=C(NC[C@@H](O)CO)c1nc(-c2cnc3[nH]c(-c4ccc(F)cc4)cc3c2)cs1;=';4.876.474.136;in vitro;Inhibitors of ULK1 and Methods of Use;WO2023059786A1;0
A468;Oc1ccccc1Nc1ncc(C(F)(F)F)c(NC2CC2)n1;=';50;ADP-Glo;Design, Synthesis, and Characterization of an Orally Active Dual-Specific ULK1/2 Autophagy Inhibitor that Synergizes with the PARP Inhibitor Olaparib for the Treatment of Triple-Negative Breast Cancer;doi: 10.1021/acs.jmedchem.0c00873;0
A469;O=C(NC[C@@H](O)CO)c1cc(-c2cnc3[nH]c(-c4ccc(F)cc4)cc3c2)cs1;=';5.011.872.336;in vitro;Development of potent and selective ULK1/2 inhibitors based on 7-azaindole scaffold with favorable in vivo properties;doi: 10.1016/j.ejmech.2023.116101;0
A470;CNC(=O)c1ccccc1Nc1cc(Nc2ccccn2)ncc1C(F)(F)F;=';51;Alpha Screen;Rationally and Computationally Guided Synthesis Targeting the Inhibition of Cancer;Ph.D. thesis, The Scripps Research InstitutePh.D. thesis, The Scripps Research Institute;0
A471;CC(C)(CO)CNC(=O)c1ccc2c(c1)/C(=N/Nc1ccc(S(N)(=O)=O)cc1)C(=O)N2;=';53;Fluorescence Intensity assays（ADP Hunter™ Plus）;The identification and characterisation of autophagy inhibitors from the published kinase inhibitor sets;doi: 10.1042/bcj20190846;0
A472;C[C@@H](CO)NC(=O)c1cc(-c2cnc3[nH]c(-c4ccc(F)cc4)cc3c2)cs1;=';54;fluorescent signal  LanthaScreen;Inhibitors of ULK1 and Methods of Use;WO2023059786A1;0
A473;O=C(NC(CO)CO)c1cccc(-c2cnc3[nH]c(-c4ccc(F)cc4)cc3c2)n1;=';5.706.137.047;in vitro;Inhibitors of ULK1 and Methods of Use;WO2023059786A1;0
A474;FC(F)(F)c1cnc2[nH]c(C3=CCOCC3)cc2c1NCCN1CCOCC1;=';5.834.380.858;in vitro;Inhibitors of ULK1 and Methods of Use;WO2023059786A1;0
A475;FC(F)(F)c1cnc2[nH]c(C3=CCNC3)cc2c1NCCN1CCNCC1;=';63;fluorescent signal  LanthaScreen;Inhibitors of ULK1 and Methods of Use;WO2023059786A1;0
A476;O=C(NCC(F)(F)F)c1cc(-c2cnc3[nH]c(-c4ccc(Cl)cc4)cc3c2)cs1;=';6.309.573.445;in vitro;Development of potent and selective ULK1/2 inhibitors based on 7-azaindole scaffold with favorable in vivo properties;doi: 10.1016/j.ejmech.2023.116101;0
A477;O=C(NCCCNc1nc(Nc2cccc(NC(=O)N3CCCC3)c2)ncc1I)C1CC1;=';67;Radiometric based assays（Filtration binding assay）;Discovery and structure of a new inhibitor scaffold of the autophagy initiating kinase ULK1;doi: 10.1016/j.bmc.2015.07.034;0
A478;O=C(NC[C@@H](O)CO)c1cccc(-c2cnc3[nH]c(-c4ccc(F)cc4)cc3c2)n1;=';690.651.866;in vitro;Inhibitors of ULK1 and Methods of Use;WO2023059786A1;0
A479;CNC(=O)c1ccccc1Nc1nc(Nc2ccc(N3CCOCC3)c(F)c2)ncc1Cl;=';72;Alpha Screen;Rationally and Computationally Guided Synthesis Targeting the Inhibition of Cancer;Ph.D. thesis, The Scripps Research InstitutePh.D. thesis, The Scripps Research Institute;0
A480;CNC(=O)c1ccccc1Nc1cc(Nc2ccc(N3CCOCC3)cn2)ncc1C(F)(F)F;=';74;Alpha Screen;Rationally and Computationally Guided Synthesis Targeting the Inhibition of Cancer;Ph.D. thesis, The Scripps Research InstitutePh.D. thesis, The Scripps Research Institute;0
A481;O=C(NC(CO)CO)c1nc(-c2cnc3[nH]c(-c4ccc(F)cc4)cc3c2)cs1;=';7.526.619.427;in vitro;Inhibitors of ULK1 and Methods of Use;WO2023059786A1;0
A482;CN1CCC(c2cc3cc(-c4csc(C(=O)NCC(F)(F)F)c4)cnc3[nH]2)CC1;=';7.545.859.792;in vitro;Inhibitors of ULK1 and Methods of Use;WO2023059786A1;0
A483;CC[C@H](CO)NC(=O)c1cccc(-c2cnc3[nH]c(-c4ccc(F)cc4)cc3c2)n1;=';7.589.466.384;radiometric HotSpot™;Inhibitors of ULK1 and Methods of Use;WO2023059786A1;0
A484;CNC(=O)c1ccccc1Nc1cc(Nc2ccc(N3CCOCC3)cc2OC)ncc1C(F)(F)F;=';78;Alpha Screen;Rationally and Computationally Guided Synthesis Targeting the Inhibition of Cancer;Ph.D. thesis, The Scripps Research InstitutePh.D. thesis, The Scripps Research Institute;0
A485;CC[C@H](CO)NC(=O)c1cccc(-c2cnc3[nH]c(-c4ccc(F)cc4)cc3c2)c1;=';7.876.547.467;radiometric HotSpot™;Inhibitors of ULK1 and Methods of Use;WO2023059786A1;0
A486;CN1CCC(C2Cc3cc(-c4csc(C(=O)NCC(F)(F)F)c4)cnc3N2)CC1;=';79.4;Filtration binding assay(LanthaScreen);Development of potent and selective ULK1/2 inhibitors based on 7-azaindole scaffold with favorable in vivo properties;doi: 10.1016/j.ejmech.2023.116101;0
A487;CCOC(=O)c1cc2c(OC(C)C)cc(OC(C)C)cc2[nH]1;=';80;ADP-Glo;Substituted Fused Heterocyclic Compounds, Methods of Preparation, and Uses for Inhibiting ULK1 and Antitumor Applications;CN112358435B;0
A488;O=C(NCC1(O)CC1)c1cc(-c2cnc3[nH]c(C4=CCNC4)cc3c2)cs1;=';80;fluorescent signal  LanthaScreen;Inhibitors of ULK1 and Methods of Use;WO2023059786A1;0
A489;CN1CC=C(c2cc3c(NCCN4CCNCC4)c(C(F)(F)F)cnc3[nH]2)CC1;=';8.093.207.028;in vitro;Inhibitors of ULK1 and Methods of Use;WO2023059786A1;0
A490;FC1(F)CN(c2c(C(F)(F)F)cnc3[nH]c(C4=CCNCC4)cc23)C1;=';81;fluorescent signal  LanthaScreen;Inhibitors of ULK1 and Methods of Use;WO2023059786A1;0
A491;FC(F)(F)c1cnc2[nH]c(C3=CCNC3)cc2c1NCCN1CCOCC1;=';85;fluorescent signal  LanthaScreen;Inhibitors of ULK1 and Methods of Use;WO2023059786A1;0
A492;O=C(NCCCNc1nc(Nc2cccc(NC(=O)N3CCCC3)c2)ncc1I)c1cccs1;=';87;Radiometric based assays（Filtration binding assay）;Discovery and structure of a new inhibitor scaffold of the autophagy initiating kinase ULK1;doi: 10.1016/j.bmc.2015.07.034;0
A493;O=C(NCC(F)(F)F)c1cc(-c2cnc3[nH]c(C4=CCN(C5CCC(C(=O)O)CC5)CC4)cc3c2)cs1;=';88;fluorescent signal  LanthaScreen;Inhibitors of ULK1 and Methods of Use;WO2023059786A1;0
A494;O=C(NCC(O)C(F)(F)F)c1cccc(-c2cnc3[nH]c(-c4ccc(F)cc4)cc3c2)c1;=';8.846.468.222;in vitro;Inhibitors of ULK1 and Methods of Use;WO2023059786A1;0
A495;COC(=O)c1cc2c(OC(C)C)cc(N(C)C)cc2[nH]1;=';90;ADP-Glo;Substituted Fused Heterocyclic Compounds, Methods of Preparation, and Uses for Inhibiting ULK1 and Antitumor Applications;CN112358435B;0
A496;COC(=O)c1cc2c(OCC3CCCCC3)cc(OC(C)C)cc2[nH]1;=';90;ADP-Glo;Substituted Fused Heterocyclic Compounds, Methods of Preparation, and Uses for Inhibiting ULK1 and Antitumor Applications;CN112358435B;0
A497;O=C(NCCCNc1nc(Nc2ccc(CN3CCOCC3)cc2)ncc1C1CC1)C1CCC1;=';90;Alpha Screen;Rationally and Computationally Guided Synthesis Targeting the Inhibition of Cancer;Ph.D. thesis, The Scripps Research InstitutePh.D. thesis, The Scripps Research Institute;0
A498;CN1CC=C(c2cc3c(NC4CCNC4)c(C(F)(F)F)cnc3[nH]2)CC1;=';9.059.801.322;in vitro;Inhibitors of ULK1 and Methods of Use;WO2023059786A1;0
A499;CNC(=O)c1ccccc1Nc1cc(Nc2ccc(N3CCN(C)CC3)cn2)ncc1C(F)(F)F;=';98;Alpha Screen;Rationally and Computationally Guided Synthesis Targeting the Inhibition of Cancer;Ph.D. thesis, The Scripps Research InstitutePh.D. thesis, The Scripps Research Institute;0
A500;CNC(=O)c1ccccc1Nc1cc(Nc2ccc(NC(C)=O)cn2)ncc1C(F)(F)F;=';98;Alpha Screen;Rationally and Computationally Guided Synthesis Targeting the Inhibition of Cancer;Ph.D. thesis, The Scripps Research InstitutePh.D. thesis, The Scripps Research Institute;0
A501;FC1(F)CN(c2c(C(F)(F)F)cnc3[nH]c(C4=CCOCC4)cc23)C1;=';9.814.275.317;in vitro;Inhibitors of ULK1 and Methods of Use;WO2023059786A1;0
A502;Cc1ccc(C2CNC2)cc1Nc1ncc(C(F)(F)F)c(-c2cc(S(C)(=O)=O)cs2)n1;>''<=';50-100;luminescent ADP Glo Kinase Assay (Promega);Thiophene ULK1/2 inhibitors and their use thereof;WO2023087027;0
A503;CCN1Cc2ccc(Nc3ncc(C(F)(F)F)c(-c4cc5c(s4)C(=O)N(C)CCS5(=O)=O)n3)c(C3CC3)c2C1;>''<=';50-100;luminescent ADP Glo Kinase Assay (Promega);Thiophene ULK1/2 inhibitors and their use thereof;WO2023087027;0
A504;CN1CCS(=O)(=O)c2cc(-c3nc(Nc4cc(N5CCNCC5)ccc4Cl)ncc3C(F)(F)F)sc2C1=O;>''<=';50-100;luminescent ADP Glo Kinase Assay (Promega);Thiophene ULK1/2 inhibitors and their use thereof;WO2023087027;0
A505;CNC(=O)c1csc(-c2nc(Nc3cc4c(cc3Cl)CNCC4)ncc2C(F)(F)F)c1;>''<=';50-100;luminescent ADP Glo Kinase Assay (Promega);Thiophene ULK1/2 inhibitors and their use thereof;WO2023087027;0
A506;CS(=O)(=O)c1csc(-c2nc(Nc3cc(C4CNC4)ccc3Cl)ncc2C(F)(F)F)c1;>''<=';50-100;luminescent ADP Glo Kinase Assay (Promega);Thiophene ULK1/2 inhibitors and their use thereof;WO2023087027;0
A507;CCC(CC)NC(=O)c1cc(-c2cnn3cc(N4CCC(NC(=O)OC(C)(C)C)CC4)cnc23)cs1;>''<=';50-99;in vitro;ULK1 and ULK2 inhibitors;WO2023122756A3;0
A508;CCC(CC)NC(=O)c1cc(-c2cnn3cc(N4CCNCC4)cnc23)cs1;>''<=';50-99;in vitro;ULK1 and ULK2 inhibitors;WO2023122756A3;0
A509;Cc1nn(C2CCN(C)CC2)cc1Nc1ncc(C(F)(F)F)c(NCCCN2C(=O)CCOc3cc(F)c(F)cc32)n1;=';100;Fluorescence  luminescent ADP Glo Kinase Assay;Heterocyclic Compound Acting as Kinase Inhibitor, and Composition Comprising Same;WO2024140401A1;0
A510;CN1CCN(c2ccc(Nc3ncc(C(F)(F)F)c(NCCCn4c(=O)ccc5ccccc54)n3)c(C3CC3)c2)CC1;=';100;Fluorescence  luminescent ADP Glo Kinase Assay;Heterocyclic Compound Acting as Kinase Inhibitor, and Composition Comprising Same;WO2024140401A1;0
A511;CN1CCN(c2ccc(Nc3ncc(C(F)(F)F)c(NCCCN4C(=O)CCCc5ccccc54)n3)c(C3CC3)c2)CC1;=';100;Fluorescence  luminescent ADP Glo Kinase Assay;Heterocyclic Compound Acting as Kinase Inhibitor, and Composition Comprising Same;WO2024140401A1;0
A512;CN1CCN(c2ccc(Nc3ncc(C(F)(F)F)c(NCCCN4C(=O)COc5ccccc54)n3)c(C3CC3)c2)CC1;=';100;Fluorescence  luminescent ADP Glo Kinase Assay;Heterocyclic Compound Acting as Kinase Inhibitor, and Composition Comprising Same;WO2024140401A1;0
A513;COC(=O)c1cc2c(OC(C)C)cc(OC)cc2[nH]1;=';100;ADP-Glo;Substituted Fused Heterocyclic Compounds, Methods of Preparation, and Uses for Inhibiting ULK1 and Antitumor Applications;CN112358435B;0
A514;COC(=O)c1cc2c(OC3CCCCC3)cc(OC(C)C)cc2s1;=';100;ADP-Glo;Substituted Fused Heterocyclic Compounds, Methods of Preparation, and Uses for Inhibiting ULK1 and Antitumor Applications;CN112358435B;0
A515;CN1CCS(=O)(=O)c2cc(-c3nc(Nc4cc5nnn(C)c5cc4Cl)ncc3C(F)(F)F)sc2C1=O;>';100;luminescent ADP Glo Kinase Assay (Promega);Thiophene ULK1/2 inhibitors and their use thereof;WO2023087027;0
A516;Cc1nn(C2CCNCC2)cc1Nc1ncc(C(F)(F)F)c(-c2cc3c(s2)C(=O)N(C)CCS3(=O)=O)n1;>';100;luminescent ADP Glo Kinase Assay (Promega);Thiophene ULK1/2 inhibitors and their use thereof;WO2023087027;0
A517;Cc1nn(C2CCNCC2)cc1Nc1ncc(C(F)(F)F)c(-c2cc3c(s2)C(=O)NCCS3(=O)=O)n1;>';100;luminescent ADP Glo Kinase Assay (Promega);Thiophene ULK1/2 inhibitors and their use thereof;WO2023087027;0
A518;CCc1cc(C2CCN(CC(F)(F)F)CC2)ccc1Nc1ncc(C(F)(F)F)c(-c2cc3c(s2)C(=O)N(C2CC2)CCS3(=O)=O)n1;>';100;luminescent ADP Glo Kinase Assay (Promega);Thiophene ULK1/2 inhibitors and their use thereof;WO2023087027;0
A519;Cc1c(Nc2ncc(C(F)(F)F)c(-c3cc4c(s3)C(=O)N(C)CCS4(=O)=O)n2)cnn1C1CCNCC1;>';100;luminescent ADP Glo Kinase Assay (Promega);Thiophene ULK1/2 inhibitors and their use thereof;WO2023087027;0
A520;Cc1c(Nc2ncc(C(F)(F)F)c(-c3cc4c(s3)C(=O)NCCS4(=O)=O)n2)cnn1C1CCNCC1;>';100;luminescent ADP Glo Kinase Assay (Promega);Thiophene ULK1/2 inhibitors and their use thereof;WO2023087027;0
A521;Cc1ccc(C2CN(C)C2)cc1Nc1ncc(C(F)(F)F)c(-c2cc(S(C)(=O)=O)cs2)n1;>';100;luminescent ADP Glo Kinase Assay (Promega);Thiophene ULK1/2 inhibitors and their use thereof;WO2023087027;0
A522;Cc1nn(C2CCN(C)CC2)cc1Nc1ncc(C(F)(F)F)c(-c2cc3c(s2)C(=O)N(C)CCS3(=O)=O)n1;>';100;luminescent ADP Glo Kinase Assay (Promega);Thiophene ULK1/2 inhibitors and their use thereof;WO2023087027;0
A523;Cc1nn(C2CCN(C)CC2)cc1Nc1ncc(C(F)(F)F)c(-c2cc3c(s2)C(=O)NCCS3(=O)=O)n1;>';100;luminescent ADP Glo Kinase Assay (Promega);Thiophene ULK1/2 inhibitors and their use thereof;WO2023087027;0
A524;O=C(NCC(F)(F)F)c1cc(-c2cnc3[nH]c(C4CCCNC4)cc3c2)cs1;=';1.046.135.746;in vitro;Inhibitors of ULK1 and Methods of Use;WO2023059786A1;0
A525;O=C(NCC(F)(F)F)c1cc(-c2cnc3[nH]c(C4CCOCC4)cc3c2)cs1;=';1.079.629.566;in vitro;Inhibitors of ULK1 and Methods of Use;WO2023059786A1;0
A526;CNC(=O)c1ccccc1Oc1nc(Nc2cc(OC)c(OC)c(OC)c2)ncc1Br;=';108;Radiometric based assays（Filtration binding assay）;Small Molecule Inhibition of the Autophagy Kinase ULK1 and Identification of ULK1 Substrates;doi: 10.1016/j.molcel.2015.05.031;0
A527;c1ccc(Nc2nc(N3CCNCC3)nc3c2ncn3-c2ccoc2)cc1;=';110;Fluorescence resonance energy transfer（AlphaScreen）;Chemical Synthesis and Use of in silico Methods for the Rational Design of Small Molecule anti-Cancer Therapeutic Candidates;Ph.D. thesis, The Scripps Research InstitutePh.D. thesis, The Scripps Research Institute;0
A528;CC(C)Oc1cc(OC2CCCCC2)c2cc(C(=O)OCCN3CCCCC3)[nH]c2c1;=';110;ADP-Glo;Substituted Fused Heterocyclic Compounds, Methods of Preparation, and Uses for Inhibiting ULK1 and Antitumor Applications;CN112358435B;0
A529;CCOc1cc(OC(C)C)cc2[nH]c(C(=O)OC)cc12;=';110;ADP-Glo;Substituted Fused Heterocyclic Compounds, Methods of Preparation, and Uses for Inhibiting ULK1 and Antitumor Applications;CN112358435B;0
A530;COc1ccccc1Nc1n[nH]c2ccc(NC(=O)C3CCCC(N)C3)cc12;=';110;Fluorescence resonance energy transfer（AlphaScreen）;In Silico HTS and Structure Based Optimization of Indazole-Derived ULK1 Inhibitors;doi: 10.1021/acsmedchemlett.7b00344;0
A531;O=C(NCC(F)(F)F)c1cc(-c2cnc3[nH]c(C4CCNCC4)cc3c2)cs1;=';1.122.018.454;in vitro;Development of potent and selective ULK1/2 inhibitors based on 7-azaindole scaffold with favorable in vivo properties;doi: 10.1016/j.ejmech.2023.116101;0
A532;CC[C@H](CO)NC(=O)c1nc(-c2cnc3[nH]c(-c4ccc(F)cc4)cc3c2)cs1;=';1.191.469.681;radiometric HotSpot™;Inhibitors of ULK1 and Methods of Use;WO2023059786A1;0
A533;NCCCNc1nc(Nc2cccc(NC(=O)N3CCCC3)c2)ncc1I;=';120;Radiometric based assays（Filtration binding assay）;Discovery and structure of a new inhibitor scaffold of the autophagy initiating kinase ULK1;doi: 10.1016/j.bmc.2015.07.034;0
A534;O=C(NC(CO)CO)c1cc(-c2cnc3[nH]c(-c4ccc(F)cc4)cc3c2)cs1;=';1.208.951.592;in vitro;Development of potent and selective ULK1/2 inhibitors based on 7-azaindole scaffold with favorable in vivo properties;doi: 10.1016/j.ejmech.2023.116101;0
A535;O=C(NCC(F)(F)F)c1cc(-c2cnc3[nH]c(-c4ccc(C(F)(F)F)cc4)cc3c2)cs1;=';1.228.820.573;in vitro;Development of potent and selective ULK1/2 inhibitors based on 7-azaindole scaffold with favorable in vivo properties;doi: 10.1016/j.ejmech.2023.116101;0
A536;O=C(NC[C@H](O)CO)c1cc(-c2cnc3[nH]c(-c4ccc(F)cc4)cc3c2)cs1;=';1.255.490.832;in vitro;Inhibitors of ULK1 and Methods of Use;WO2023059786A1;0
A537;FC(F)(F)c1cnc2[nH]c(C3=CCNCC3)cc2c1NCCN1CCOCC1;=';126;fluorescent signal  LanthaScreen;Inhibitors of ULK1 and Methods of Use;WO2023059786A1;0
A538;c1ccc(Nc2nc(N3CCNC(CN4CCOCC4)C3)nc3c2ncn3-c2ccsc2)cc1;=';130;Fluorescence resonance energy transfer（AlphaScreen）;Chemical Synthesis and Use of in silico Methods for the Rational Design of Small Molecule anti-Cancer Therapeutic Candidates;Ph.D. thesis, The Scripps Research InstitutePh.D. thesis, The Scripps Research Institute;0
A539;CC(C)Oc1cc(OC2CCCCC2)c2cc(C(=O)OCCCN(C)C)[nH]c2c1;=';130;ADP-Glo;Substituted Fused Heterocyclic Compounds, Methods of Preparation, and Uses for Inhibiting ULK1 and Antitumor Applications;CN112358435B;0
A540;NCc1cccc(Nc2nc(N3CCNCC3)nc3c2ncn3-c2ccsc2)c1;=';130;Fluorescence resonance energy transfer（AlphaScreen）;Chemical Synthesis and Use of in silico Methods for the Rational Design of Small Molecule anti-Cancer Therapeutic Candidates;Ph.D. thesis, The Scripps Research InstitutePh.D. thesis, The Scripps Research Institute;0
A541;CNC(=O)c1ccccc1Nc1cc(Nc2cncc3ccccc23)ncc1C(F)(F)F;=';132;Alpha Screen;Rationally and Computationally Guided Synthesis Targeting the Inhibition of Cancer;Ph.D. thesis, The Scripps Research InstitutePh.D. thesis, The Scripps Research Institute;0
A542;FC(F)(F)c1cnc2[nH]c(C3=CCOCC3)cc2c1NCCCN1CCCC1;=';1.355.359.731;in vitro;Inhibitors of ULK1 and Methods of Use;WO2023059786A1;0
A543;C[C@H](CO)NC(=O)c1cc(-c2cnc3[nH]c(C4=CCNC4)cc3c2)cs1;=';139;fluorescent signal  LanthaScreen;Inhibitors of ULK1 and Methods of Use;WO2023059786A1;0
A544;FC(F)(F)c1cnc2[nH]c(C3CCOCC3)cc2c1NCCCN1CCCC1;=';1.499.166.435;in vitro;Inhibitors of ULK1 and Methods of Use;WO2023059786A1;0
A545;COC(=O)[C@@H](CO)NC(=O)c1cc(-c2cnc3[nH]c(-c4ccc(F)cc4)cc3c2)cs1;=';1.501.548.007;in vitro;Inhibitors of ULK1 and Methods of Use;WO2023059786A1;0
A546;CC(C)(C)OC(=O)N1CCC=C(c2cc3cc(-c4csc(C(=O)NCC(F)(F)F)c4)cnc3[nH]2)C1;=';1.580.348.063;in vitro;Inhibitors of ULK1 and Methods of Use;WO2023059786A1;0
A547;COC(=O)c1cc2c(OC(C)C)cc(OC(C)C)cc2n1C(C)C;=';160;ADP-Glo;Substituted Fused Heterocyclic Compounds, Methods of Preparation, and Uses for Inhibiting ULK1 and Antitumor Applications;CN112358435B;0
A548;Nc1ccc(Nc2nc(Nc3cc(C4CC4)[nH]n3)c3ccccc3n2)cc1;=';160;Radiometric based assays（Filtration binding assay）;Structure of the Human Autophagy Initiating Kinase ULK1 in Complex with Potent Inhibitors;doi: 10.1021/cb500835z;0
A549;CC(C)Oc1cc(OCc2ccccc2)c2cc(C(=O)OCCN(C)C)[nH]c2c1;=';170;ADP-Glo;Substituted Fused Heterocyclic Compounds, Methods of Preparation, and Uses for Inhibiting ULK1 and Antitumor Applications;CN112358435B;0
A550;COC(=O)c1cc2c(OC)cc(OC(C)C)cc2[nH]1;=';170;ADP-Glo;Substituted Fused Heterocyclic Compounds, Methods of Preparation, and Uses for Inhibiting ULK1 and Antitumor Applications;CN112358435B;0
A551;CNC(=O)c1ccccc1Nc1cc(Nc2ccc(OC3CCN(C)CC3)cn2)ncc1C(F)(F)F;=';171;Alpha Screen;Rationally and Computationally Guided Synthesis Targeting the Inhibition of Cancer;Ph.D. thesis, The Scripps Research InstitutePh.D. thesis, The Scripps Research Institute;0
A552;CC(C)Oc1cc(N(C)C)c2cc(C(=O)OCCCN(C)C)[nH]c2c1;=';180;ADP-Glo;Substituted Fused Heterocyclic Compounds, Methods of Preparation, and Uses for Inhibiting ULK1 and Antitumor Applications;CN112358435B;0
A553;COC(=O)c1cccc(Nc2n[nH]c3ccc(NC(=O)C4CCCC(N)C4)cc23)c1;=';183;Fluorescence resonance energy transfer（AlphaScreen）;In Silico HTS and Structure Based Optimization of Indazole-Derived ULK1 Inhibitors;doi: 10.1021/acsmedchemlett.7b00344;0
A554;CCCOc1cc(OC(C)C)cc2[nH]c(C(=O)OC)cc12;=';190;ADP-Glo;Substituted Fused Heterocyclic Compounds, Methods of Preparation, and Uses for Inhibiting ULK1 and Antitumor Applications;CN112358435B;0
A555;CN1CC=C(c2cc3c(N4CC(F)(F)C4)c(C(F)(F)F)cnc3[nH]2)CC1;=';1.930.751.149;in vitro;Inhibitors of ULK1 and Methods of Use;WO2023059786A1;0
A556;FC(F)(F)c1cnc2[nH]c(C3=CCCNC3)cc2c1NCCN1CCOCC1;=';201;fluorescent signal  LanthaScreen;Inhibitors of ULK1 and Methods of Use;WO2023059786A1;0
A557;O=C1CCCN1CCCNc1cc(Nc2ccc(C(=O)N3CCOCC3)cn2)ncc1C(F)(F)F;=';205;Fluorescence resonance energy transfer（AlphaScreen）;Chemical Synthesis and Use of in silico Methods for the Rational Design of Small Molecule anti-Cancer Therapeutic Candidates;Ph.D. thesis, The Scripps Research InstitutePh.D. thesis, The Scripps Research Institute;0
A558;CC(C)OC(=O)c1cc2c(OC(C)C)cc(OC(C)C)cc2[nH]1;=';210;ADP-Glo;Substituted Fused Heterocyclic Compounds, Methods of Preparation, and Uses for Inhibiting ULK1 and Antitumor Applications;CN112358435B;0
A559;CNC(=O)c1ccccc1Nc1cc(Nc2ccc3ccccc3n2)ncc1C(F)(F)F;=';216;Alpha Screen;Rationally and Computationally Guided Synthesis Targeting the Inhibition of Cancer;Ph.D. thesis, The Scripps Research InstitutePh.D. thesis, The Scripps Research Institute;0
A560;O=C(c1cc(-c2cnc3[nH]c(-c4ccc(F)cc4)cc3c2)cs1)N1[C@@H]2CC[C@H]1C[C@@H](O)C2;=';2.172.779.394;in vitro;Development of potent and selective ULK1/2 inhibitors based on 7-azaindole scaffold with favorable in vivo properties;doi: 10.1016/j.ejmech.2023.116101;0
A561;COC(=O)c1cc2c(N)cc(OC(C)C)cc2[nH]1;=';220;ADP-Glo;Substituted Fused Heterocyclic Compounds, Methods of Preparation, and Uses for Inhibiting ULK1 and Antitumor Applications;CN112358435B;0
A562;Nc1nc(Nc2ccc3c(c2)OCO3)ncc1C(F)(F)F;=';230;ADP-Glo;Design, Synthesis, and Characterization of an Orally Active Dual-Specific ULK1/2 Autophagy Inhibitor that Synergizes with the PARP Inhibitor Olaparib for the Treatment of Triple-Negative Breast Cancer;doi: 10.1021/acs.jmedchem.0c00873;0
A563;NC1CCCC(C(=O)Nc2ccc3[nH]nc(Nc4ccnc5ccccc45)c3c2)C1;=';239;Fluorescence resonance energy transfer（AlphaScreen）;In Silico HTS and Structure Based Optimization of Indazole-Derived ULK1 Inhibitors;doi: 10.1021/acsmedchemlett.7b00344;0
A564;COC(=O)c1cc2c(OCC(C)C)cc(OC(C)C)cc2[nH]1;=';240;ADP-Glo;Substituted Fused Heterocyclic Compounds, Methods of Preparation, and Uses for Inhibiting ULK1 and Antitumor Applications;CN112358435B;0
A565;NC1CCCC(C(=O)Nc2ccc3[nH]nc(NC(=O)c4ccccc4)c3c2)C1;=';242;Fluorescence resonance energy transfer（AlphaScreen）;In Silico HTS and Structure Based Optimization of Indazole-Derived ULK1 Inhibitors;doi: 10.1021/acsmedchemlett.7b00344;0
A566;COC(=O)c1cc2c(C)cc(OC(C)C)cc2[nH]1;=';250;ADP-Glo;Substituted Fused Heterocyclic Compounds, Methods of Preparation, and Uses for Inhibiting ULK1 and Antitumor Applications;CN112358435B;0
A567;CC(C)Oc1cncnc1-c1ccc2nc(Nc3cc([C@@H](C)N4CCN(C(=O)CC(F)(F)F)CC4)ccn3)[nH]c2c1;=';263;Radiometric based assays（Filtration binding assay）;Discovery of BAY-985, a Highly Selective TBK1/IKKε Inhibitor;doi: 10.1021/acs.jmedchem.9b01460;0
A568;O=C(NC[C@H](O)CO)c1cccc(-c2cnc3[nH]c(-c4ccc(F)cc4)cc3c2)c1;=';2.668.482.715;in vitro;Inhibitors of ULK1 and Methods of Use;WO2023059786A1;0
A569;CC(C)Oc1cc(N(C)C)c2cc(C(=O)OCCN(C)C)[nH]c2c1;=';270;ADP-Glo;Substituted Fused Heterocyclic Compounds, Methods of Preparation, and Uses for Inhibiting ULK1 and Antitumor Applications;CN112358435B;0
A570;CC(C)Oc1cc(OC2CCCCC2)c2cc(C(=O)OCCN(C)C)oc2c1;=';270;ADP-Glo;Substituted Fused Heterocyclic Compounds, Methods of Preparation, and Uses for Inhibiting ULK1 and Antitumor Applications;CN112358435B;0
A571;CCC(=O)c1cc2c(OCc3cccc(F)c3)cc(OC(C)C)cc2[nH]1;=';270;ADP-Glo;Substituted Fused Heterocyclic Compounds, Methods of Preparation, and Uses for Inhibiting ULK1 and Antitumor Applications;CN112358435B;0
A572;COc1ccc2c(c1)/C(=C/c1cnc[nH]1)C(=O)N2;=';270;Fluorescence resonance energy transfer（AlphaScreen）;Development of an HTS-Compatible Assay for the Discovery of Ulk1 Inhibitors;doi: 10.1177/1087057115579391;0
A573;CNC(=O)c1ccccc1Nc1cc(Nc2ccc(N3CCOCC3)cc2C)ncc1C(F)(F)F;=';272;Alpha Screen;Rationally and Computationally Guided Synthesis Targeting the Inhibition of Cancer;Ph.D. thesis, The Scripps Research InstitutePh.D. thesis, The Scripps Research Institute;0
A574;O=C(O)C1=CC(=C(c2ccc(O)c(C(=O)O)c2)c2ccc(O)c(C(=O)O)c2)C=CC1=O;=';280;Fluorescence resonance energy transfer（AlphaScreen）;Development of an HTS-Compatible Assay for the Discovery of Ulk1 Inhibitors;doi: 10.1177/1087057115579391;0
A575;NC1CCCC(C(=O)Nc2ccc3[nH]nc(Nc4cccc(C(F)(F)F)c4)c3c2)C1;=';288;Fluorescence resonance energy transfer（AlphaScreen）;In Silico HTS and Structure Based Optimization of Indazole-Derived ULK1 Inhibitors;doi: 10.1021/acsmedchemlett.7b00344;0
A576;FC(F)(F)c1cnc2[nH]c(C3CCOCC3)cc2c1NC1CCNC1;=';2.888.044.321;in vitro;Inhibitors of ULK1 and Methods of Use;WO2023059786A1;0
A577;c1ccc2c(Nc3cc(C4CCC4)[nH]n3)nc(Nc3ccc4cn[nH]c4c3)nc2c1;>';300;Radiometric based assays（Filtration binding assay）;Structure of the Human Autophagy Initiating Kinase ULK1 in Complex with Potent Inhibitors;doi: 10.1021/cb500835z;0
A578;Cc1nc2cc(Nc3nc(Nc4cc(C5CCC5)[nH]n4)c4ccccc4n3)ccc2[nH]1;>';300;Radiometric based assays（Filtration binding assay）;Structure of the Human Autophagy Initiating Kinase ULK1 in Complex with Potent Inhibitors;doi: 10.1021/cb500835z;0
A579;CN(C)C(=O)c1cc2c(OCc3ccccc3)cc(OCc3ccccc3)cc2[nH]1;=';310;ADP-Glo;Substituted Fused Heterocyclic Compounds, Methods of Preparation, and Uses for Inhibiting ULK1 and Antitumor Applications;CN112358435B;0
A580;COC(=O)c1cc2c(OC(C)C)cc(OCC3CC3)cc2[nH]1;=';310;ADP-Glo;Substituted Fused Heterocyclic Compounds, Methods of Preparation, and Uses for Inhibiting ULK1 and Antitumor Applications;CN112358435B;0
A581;O=C(Nc1ccc2[nH]nc(Nc3cccc4ccccc34)c2c1)C1CCNCC1;=';315;Fluorescence resonance energy transfer（AlphaScreen）;In Silico HTS and Structure Based Optimization of Indazole-Derived ULK1 Inhibitors;doi: 10.1021/acsmedchemlett.7b00344;0
A582;CC[C@H](CO)NC(=O)c1cc(-c2cnc3[nH]c(-c4ccc(F)cc4)cc3c2)cs1;=';3.150.159.873;radiometric HotSpot™;Inhibitors of ULK1 and Methods of Use;WO2023059786A1;0
A583;CC(C)Oc1cc(N(C)C)c2cc(C(=O)N(C)C)[nH]c2c1;=';320;ADP-Glo;Substituted Fused Heterocyclic Compounds, Methods of Preparation, and Uses for Inhibiting ULK1 and Antitumor Applications;CN112358435B;0
A584;FC(F)(F)c1cnc2[nH]c(C3=CCNCC3)cc2c1NCCCN1CCCC1;=';320;fluorescent signal  LanthaScreen;Inhibitors of ULK1 and Methods of Use;WO2023059786A1;0
A585;NC(=O)c1ccccc1Nc1nc(Nc2ccc(N3CCOCC3)c(F)c2)ncc1Cl;=';322;Alpha Screen;Rationally and Computationally Guided Synthesis Targeting the Inhibition of Cancer;Ph.D. thesis, The Scripps Research InstitutePh.D. thesis, The Scripps Research Institute;0
A586;Nc1n[nH]c2ccc(NC(=O)[C@H]3CCC[C@@H](N)C3)cc12;=';330;Fluorescence resonance energy transfer（AlphaScreen）;In Silico HTS and Structure Based Optimization of Indazole-Derived ULK1 Inhibitors;doi: 10.1021/acsmedchemlett.7b00344;0
A587;CC(C)Oc1cc(OC(C)C)c2cc(C(=O)OCCN)[nH]c2c1;=';340;ADP-Glo;Substituted Fused Heterocyclic Compounds, Methods of Preparation, and Uses for Inhibiting ULK1 and Antitumor Applications;CN112358435B;0
A588;COC(=O)c1cc2c(OC(C)C)cc(OCc3ccccc3)cc2[nH]1;=';340;ADP-Glo;Substituted Fused Heterocyclic Compounds, Methods of Preparation, and Uses for Inhibiting ULK1 and Antitumor Applications;CN112358435B;0
A589;COC(=O)c1cc2c(OC3CCCCC3)cc(OC(C)C)cc2[nH]1;=';340;ADP-Glo;Substituted Fused Heterocyclic Compounds, Methods of Preparation, and Uses for Inhibiting ULK1 and Antitumor Applications;CN112358435B;0
A590;COC(=O)c1cc2c(OCc3ccc(OC)cc3)cc(OC(C)C)cc2[nH]1;=';340;ADP-Glo;Substituted Fused Heterocyclic Compounds, Methods of Preparation, and Uses for Inhibiting ULK1 and Antitumor Applications;CN112358435B;0
A591;C[C@H](CO)NC(=O)c1nc(-c2cnc3[nH]c(-c4ccc(F)cc4)cc3c2)cs1;=';348;radiometric HotSpot™;Inhibitors of ULK1 and Methods of Use;WO2023059786A1;0
A592;COC(=O)c1cc2c(OC3CCCC3)cc(OC(C)C)cc2[nH]1;=';350;ADP-Glo;Substituted Fused Heterocyclic Compounds, Methods of Preparation, and Uses for Inhibiting ULK1 and Antitumor Applications;CN112358435B;0
A593;O=C(NC[C@@H](O)CO)c1cccc(-c2cnc3[nH]c(-c4ccc(F)cc4)cc3c2)c1;=';3.521.008.378;in vitro;Inhibitors of ULK1 and Methods of Use;WO2023059786A1;0
A594;COC(=O)c1cc2c(OCc3ccc(F)cc3)cc(OC(C)C)cc2[nH]1;=';360;ADP-Glo;Substituted Fused Heterocyclic Compounds, Methods of Preparation, and Uses for Inhibiting ULK1 and Antitumor Applications;CN112358435B;0
A595;COC(=O)c1ccc(Nc2nc(N3CCNCC3)nc3c2ncn3-c2ccsc2)cc1;=';360;Fluorescence resonance energy transfer（AlphaScreen）;Chemical Synthesis and Use of in silico Methods for the Rational Design of Small Molecule anti-Cancer Therapeutic Candidates;Ph.D. thesis, The Scripps Research InstitutePh.D. thesis, The Scripps Research Institute;0
A596;COCc1cc(-c2ccc3nc(Nc4cc([C@@H](C)N5CCN(C(=O)CC(F)(F)F)CC5)ccn4)[nH]c3c2)ncn1;=';368;Radiometric based assays（Filtration binding assay）;Discovery of BAY-985, a Highly Selective TBK1/IKKε Inhibitor;doi: 10.1021/acs.jmedchem.9b01460;0
A597;CNC(=O)c1ccccc1Nc1cc(Nc2ccc3cccnc3c2)ncc1C(F)(F)F;=';374;Alpha Screen;Rationally and Computationally Guided Synthesis Targeting the Inhibition of Cancer;Ph.D. thesis, The Scripps Research InstitutePh.D. thesis, The Scripps Research Institute;0
A598;O=C(NCC(F)(F)F)c1cc(-c2cnc3[nH]c(-c4ccc(F)cc4)cc3c2)ccn1;=';3.853.569.774;in vitro;Inhibitors of ULK1 and Methods of Use;WO2023059786A1;0
A599;CC(C)Oc1cc(OC(C)C)c2cc(C(=O)OC(C)(C)C)[nH]c2c1;=';390;ADP-Glo;Substituted Fused Heterocyclic Compounds, Methods of Preparation, and Uses for Inhibiting ULK1 and Antitumor Applications;CN112358435B;0
A600;C[C@H](c1ccnc(Nc2nc3ccc(-c4cc(OCC5CC5)ncn4)cc3[nH]2)c1)N1CCN(C(=O)CC(F)(F)F)CC1;=';416;Radiometric based assays（Filtration binding assay）;Discovery of BAY-985, a Highly Selective TBK1/IKKε Inhibitor;doi: 10.1021/acs.jmedchem.9b01460;0
A601;NC1CCCC(C(=O)Nc2ccc3[nH]nc(Nc4ccc(Br)cc4)c3c2)C1;=';416;Fluorescence resonance energy transfer（AlphaScreen）;In Silico HTS and Structure Based Optimization of Indazole-Derived ULK1 Inhibitors;doi: 10.1021/acsmedchemlett.7b00344;0
A602;O=C1Nc2ccc(C(=O)c3ccco3)cc2/C1=C/c1cc(Cl)c(O)c(Cl)c1;=';427;Fluorescence Intensity assays（ADP Hunter™ Plus）;The identification and characterisation of autophagy inhibitors from the published kinase inhibitor sets;doi: 10.1042/bcj20190846;0
A603;O=C(NC(CO)CO)c1cccc(-c2cnc3[nH]c(-c4ccc(F)cc4)cc3c2)c1;=';4.303.057.053;in vitro;Inhibitors of ULK1 and Methods of Use;WO2023059786A1;0
A604;Cc1cnc(Nc2ccc3ncccc3c2)nc1NCCCN1CCCC1=O;=';440;Fluorescence resonance energy transfer（AlphaScreen）;Chemical Synthesis and Use of in silico Methods for the Rational Design of Small Molecule anti-Cancer Therapeutic Candidates;Ph.D. thesis, The Scripps Research InstitutePh.D. thesis, The Scripps Research Institute;0
A605;COC(=O)c1cc2c(F)cc(OC(C)C)cc2[nH]1;=';440;ADP-Glo;Substituted Fused Heterocyclic Compounds, Methods of Preparation, and Uses for Inhibiting ULK1 and Antitumor Applications;CN112358435B;0
A606;CNC(=O)c1ccccc1Nc1cc(Nc2cccc3ccccc23)ncc1C(F)(F)F;=';444;Alpha Screen;Rationally and Computationally Guided Synthesis Targeting the Inhibition of Cancer;Ph.D. thesis, The Scripps Research InstitutePh.D. thesis, The Scripps Research Institute;0
A607;CNC(=O)c1ccccc1Nc1cc(Nc2ccnc3ccccc23)ncc1C(F)(F)F;=';454;Alpha Screen;Rationally and Computationally Guided Synthesis Targeting the Inhibition of Cancer;Ph.D. thesis, The Scripps Research InstitutePh.D. thesis, The Scripps Research Institute;0
A608;FC(F)(F)c1cnc2[nH]c(C3=CCOCC3)cc2c1NC1CCNC1;=';4.755.922.623;in vitro;Inhibitors of ULK1 and Methods of Use;WO2023059786A1;0
A609;COc1ccc(CNc2n[nH]c3ccc(NC(=O)C4CCCC(N)C4)cc23)cc1;=';477;Fluorescence resonance energy transfer（AlphaScreen）;In Silico HTS and Structure Based Optimization of Indazole-Derived ULK1 Inhibitors;doi: 10.1021/acsmedchemlett.7b00344;0
A610;CN1CC=C(c2cc3c(NCCN4CCOCC4)c(C(F)(F)F)cnc3[nH]2)CC1;=';4.834.769.901;in vitro;Inhibitors of ULK1 and Methods of Use;WO2023059786A1;0
A611;CNC(=O)c1ccccc1Nc1cc(Nc2cccc3cnccc23)ncc1C(F)(F)F;=';497;Alpha Screen;Rationally and Computationally Guided Synthesis Targeting the Inhibition of Cancer;Ph.D. thesis, The Scripps Research InstitutePh.D. thesis, The Scripps Research Institute;0
A612;CC(C)(C)OC(=O)N[C@@H]1CCCC[C@@H]1NC(=O)c1cc(-c2cnn3cc(N4CCN(C(=O)OC(C)(C)C)CC4)cnc23)cs1;>''<=';100-499;in vitro;ULK1 and ULK2 inhibitors;WO2023122756A3;0
A613;CC(C)(CO)NC(=O)c1cc(-c2cnn3cc(N4CCNCC4)cnc23)cs1;>''<=';100-499;in vitro;ULK1 and ULK2 inhibitors;WO2023122756A3;0
A614;Cc1c(S(C)(=O)=O)csc1-c1nc(Nc2cc3c(cc2Cl)CNCC3)ncc1C(F)(F)F;>''<=';100-500;luminescent ADP Glo Kinase Assay (Promega);Thiophene ULK1/2 inhibitors and their use thereof;WO2023087027;0
A615;CCN1CCc2cc(Nc3ncc(C(F)(F)F)c(-c4cc(S(C)(=O)=O)cs4)n3)c(Cl)cc2C1;>''<=';100-500;luminescent ADP Glo Kinase Assay (Promega);Thiophene ULK1/2 inhibitors and their use thereof;WO2023087027;0
A616;CN1CC(c2ccc(Cl)c(Nc3ncc(C(F)(F)F)c(-c4cc(S(C)(=O)=O)cs4)n3)c2)C1;>''<=';100-500;luminescent ADP Glo Kinase Assay (Promega);Thiophene ULK1/2 inhibitors and their use thereof;WO2023087027;0
A617;CN1CCc2cc(Nc3ncc(C(F)(F)F)c(-c4cc(S(C)(=O)=O)c(C(=O)N5CCOCC5)s4)n3)c(Cl)cc2C1;>''<=';100-500;luminescent ADP Glo Kinase Assay (Promega);Thiophene ULK1/2 inhibitors and their use thereof;WO2023087027;0
A618;CS(=O)(=O)c1cc(-c2nc(Nc3cc4c(cc3Cl)CNCC4)ncc2C(F)(F)F)sc1C(=O)N1CCOCC1;>''<=';100-500;luminescent ADP Glo Kinase Assay (Promega);Thiophene ULK1/2 inhibitors and their use thereof;WO2023087027;0
A619;O=C1NCCS(=O)(=O)c2cc(-c3nc(Nc4cc5c(cc4Cl)CN(CC(F)(F)F)CC5)ncc3C(F)(F)F)sc21;>''<=';100-500;luminescent ADP Glo Kinase Assay (Promega);Thiophene ULK1/2 inhibitors and their use thereof;WO2023087027;0
A620;O=S(=O)(CCN1CCOCC1)c1csc(-c2nc(Nc3cc4c(cc3Cl)CNCC4)ncc2C(F)(F)F)c1;>''<=';100-500;luminescent ADP Glo Kinase Assay (Promega);Thiophene ULK1/2 inhibitors and their use thereof;WO2023087027;0
A621;Cc1nc(=O)c2cc(-c3nc(Nc4cc5c(cc4Cl)CNCC5)ncc3C(F)(F)F)sc2[nH]1;>';500;luminescent ADP Glo Kinase Assay (Promega);Thiophene ULK1/2 inhibitors and their use thereof;WO2023087027;0
A622;NC(=O)c1csc(-c2nc(Nc3cc4c(cc3Cl)CNCC4)ncc2C(N)=O)c1;>';500;luminescent ADP Glo Kinase Assay (Promega);Thiophene ULK1/2 inhibitors and their use thereof;WO2023087027;0
A623;NC[C@@H](C(=O)Nc1cccc(-c2n[nH]c(C3CC3)n2)c1)c1ccccc1;=';500;ADP-Glo;In silico approaches using pharmacophore model combined with molecular docking for discovery of novel ULK1 inhibitors;doi: 10.4155/fmc-2020-0253;0
A624;O=C(NCC(F)(F)F)c1cncc(-c2cnc3[nH]c(-c4ccc(F)cc4)cc3c2)c1;=';5.011.872.336;in vitro;Development of potent and selective ULK1/2 inhibitors based on 7-azaindole scaffold with favorable in vivo properties;doi: 10.1016/j.ejmech.2023.116101;0
A625;CNC(=O)c1ccccc1Nc1cc(Nc2ccc3cnccc3c2)ncc1C(F)(F)F;=';521;Alpha Screen;Rationally and Computationally Guided Synthesis Targeting the Inhibition of Cancer;Ph.D. thesis, The Scripps Research InstitutePh.D. thesis, The Scripps Research Institute;0
A626;CNC(=O)c1ccccc1Nc1cc(Nc2ccc3ccncc3c2)ncc1C(F)(F)F;=';527;Alpha Screen;Rationally and Computationally Guided Synthesis Targeting the Inhibition of Cancer;Ph.D. thesis, The Scripps Research InstitutePh.D. thesis, The Scripps Research Institute;0
A627;CC(=O)Oc1cc(OC(C)C)c2cc(C(=O)OCCN(C)C)[nH]c2c1;=';540;ADP-Glo;Substituted Fused Heterocyclic Compounds, Methods of Preparation, and Uses for Inhibiting ULK1 and Antitumor Applications;CN112358435B;0
A628;CC(C)Oc1cc(OC(C)C)c2cc(C(=O)NCCN)[nH]c2c1;=';550;ADP-Glo;Substituted Fused Heterocyclic Compounds, Methods of Preparation, and Uses for Inhibiting ULK1 and Antitumor Applications;CN112358435B;0
A629;Nc1n[nH]c2ccc(NC(=O)C3CCNCC3)cc12;=';560;Fluorescence resonance energy transfer（AlphaScreen）;In Silico HTS and Structure Based Optimization of Indazole-Derived ULK1 Inhibitors;doi: 10.1021/acsmedchemlett.7b00344;0
A630;NC1CCCC(C(=O)Nc2ccc3[nH]nc(Nc4cccc5cccnc45)c3c2)C1;=';589;Fluorescence resonance energy transfer（AlphaScreen）;In Silico HTS and Structure Based Optimization of Indazole-Derived ULK1 Inhibitors;doi: 10.1021/acsmedchemlett.7b00344;0
A631;O=S(=O)(c1ccc(-c2ccnc3[nH]ccc23)cc1)N1CCCC1;=';603;Fluorescence Intensity assays（ADP Hunter™ Plus）;The identification and characterisation of autophagy inhibitors from the published kinase inhibitor sets;doi: 10.1042/bcj20190846;0
A632;COc1cc(Nc2ncc3c(C)nc(-c4cccc(C(F)(F)F)c4)n3n2)cc(OC)c1OC;=';646;Fluorescence Intensity assays（ADP Hunter™ Plus）;The identification and characterisation of autophagy inhibitors from the published kinase inhibitor sets;doi: 10.1042/bcj20190846;0
A633;O=C(c1nc(-c2cnc3[nH]c(-c4ccc(F)cc4)cc3c2)cs1)N1CC(F)C1;=';65.441.577;in vitro;Inhibitors of ULK1 and Methods of Use;WO2023059786A1;0
A634;COC(=O)c1cc2c(OC(C)C)cc(C)cc2[nH]1;=';680;ADP-Glo;Substituted Fused Heterocyclic Compounds, Methods of Preparation, and Uses for Inhibiting ULK1 and Antitumor Applications;CN112358435B;0
A635;O=C(NC1CNC1)c1nc(-c2cnc3[nH]c(-c4ccc(F)cc4)cc3c2)cs1;=';696.370.591;in vitro;Inhibitors of ULK1 and Methods of Use;WO2023059786A1;0
A636;COC(=O)c1cccc(Nc2nc(N3CCNCC3)nc3c2ncn3-c2ccsc2)c1;=';700;Fluorescence resonance energy transfer（AlphaScreen）;Chemical Synthesis and Use of in silico Methods for the Rational Design of Small Molecule anti-Cancer Therapeutic Candidates;Ph.D. thesis, The Scripps Research InstitutePh.D. thesis, The Scripps Research Institute;0
A637;O=C(NCCS(=O)(=O)O)c1cc(-c2cnc3[nH]c(-c4ccc(F)cc4)cc3c2)cs1;=';7.079.457.844;in vitro;Development of potent and selective ULK1/2 inhibitors based on 7-azaindole scaffold with favorable in vivo properties;doi: 10.1016/j.ejmech.2023.116101;0
A638;c1ccc2cc(Nc3nc(N4CCNCC4)nc4c3ncn4-c3ccsc3)ccc2c1;=';710;Fluorescence resonance energy transfer（AlphaScreen）;Chemical Synthesis and Use of in silico Methods for the Rational Design of Small Molecule anti-Cancer Therapeutic Candidates;Ph.D. thesis, The Scripps Research InstitutePh.D. thesis, The Scripps Research Institute;0
A639;OCC1CN(c2nc(Nc3ccccc3)c3ncn(-c4ccsc4)c3n2)CCN1;=';759;Fluorescence resonance energy transfer（AlphaScreen）;Chemical Synthesis and Use of in silico Methods for the Rational Design of Small Molecule anti-Cancer Therapeutic Candidates;Ph.D. thesis, The Scripps Research InstitutePh.D. thesis, The Scripps Research Institute;0
A640;CC(C)Oc1cc(OC2CCCCC2)cc2oc(C(=O)OCCN(C)C)cc12;=';770;ADP-Glo;Substituted Fused Heterocyclic Compounds, Methods of Preparation, and Uses for Inhibiting ULK1 and Antitumor Applications;CN112358435B;0
A641;CNC(=O)c1ccccc1Nc1cc(Nc2ccc(C(=O)N3CCOCC3)c3ccccc23)ncc1C(F)(F)F;=';814;Alpha Screen;Rationally and Computationally Guided Synthesis Targeting the Inhibition of Cancer;Ph.D. thesis, The Scripps Research InstitutePh.D. thesis, The Scripps Research Institute;0
A642;CN1CCC(c2cc3c(NCCN4CCOCC4)c(C(F)(F)F)cnc3[nH]2)CC1;=';8.337.181.778;in vitro;Inhibitors of ULK1 and Methods of Use;WO2023059786A1;0
A643;CC(C)Oc1cc(N2CCCCC2)cc2[nH]c(C(=O)OCCN3CCCCC3)cc12;=';850;ADP-Glo;Substituted Fused Heterocyclic Compounds, Methods of Preparation, and Uses for Inhibiting ULK1 and Antitumor Applications;CN112358435B;0
A644;Clc1ccc(Nc2nc(N3CCNCC3)nc3c2ncn3-c2ccsc2)cc1;=';850;Fluorescence resonance energy transfer（AlphaScreen）;Chemical Synthesis and Use of in silico Methods for the Rational Design of Small Molecule anti-Cancer Therapeutic Candidates;Ph.D. thesis, The Scripps Research InstitutePh.D. thesis, The Scripps Research Institute;0
A645;FC1(F)CN(c2c(C(F)(F)F)cnc3[nH]c(C4=CCCNC4)cc23)C1;=';884;fluorescent signal  LanthaScreen;Inhibitors of ULK1 and Methods of Use;WO2023059786A1;0
A646;CC(C)Oc1cc(OC(C)C)c2cc(C(=O)OCc3ccccc3)[nH]c2c1;=';950;ADP-Glo;Substituted Fused Heterocyclic Compounds, Methods of Preparation, and Uses for Inhibiting ULK1 and Antitumor Applications;CN112358435B;0
A647;Cc1cc(-c2ccc3nc(Nc4cc([C@@H](C)N5CCN(C(=O)CC(F)(F)F)CC5)ccn4)[nH]c3c2)ncn1;=';980;Radiometric based assays（Filtration binding assay）;Discovery of BAY-985, a Highly Selective TBK1/IKKε Inhibitor;doi: 10.1021/acs.jmedchem.9b01460;0
A648;CCC(CC)NC(=O)c1cc(-c2cnn3cc(N4CCCC4)cnc23)cs1;>=''<';500-1000;in vitro;ULK1 and ULK2 inhibitors;WO2023122756A3;0
A649;CCC(CC)NC(=O)c1cc(-c2cnn3cc(-n4ccccc4=O)cnc23)cs1;>=''<';500-1000;in vitro;ULK1 and ULK2 inhibitors;WO2023122756A3;0
A650;Cc1nn(C2CCN(C)CC2)cc1Nc1ncc(C(F)(F)F)c(NCCCN2C(=O)C(C)(C)COc3cccnc32)n1;>=''<';100-1000;Fluorescence  luminescent ADP Glo Kinase Assay;Heterocyclic Compound Acting as Kinase Inhibitor, and Composition Comprising Same;WO2024140401A1;0
A651;CN1CCN(c2ccc(Nc3ncc(C(F)(F)F)c(NCCCN4C(=O)C5(CC5)c5cc(F)ccc54)n3)c(C3CC3)c2)CC1;>=''<';100-1000;Fluorescence  luminescent ADP Glo Kinase Assay;Heterocyclic Compound Acting as Kinase Inhibitor, and Composition Comprising Same;WO2024140401A1;0
A652;CC(=O)N1CCc2cc(Cl)c(Nc3ncc(C(F)(F)F)c(NCCCN4CCCCC4=O)n3)cc2C1;>=''<';200-1000;Radiometric 33P;2,4-Diaminopyrimidine Derivatives as ULK1/2 Inhibitors and Their Use Thereof;WO2022214869A2;0
A653;CCOc1nn(C)cc1Nc1ncc(C(F)(F)F)c(NCCCN2CCCCC2=O)n1;>=''<';200-1000;Radiometric 33P;2,4-Diaminopyrimidine Derivatives as ULK1/2 Inhibitors and Their Use Thereof;WO2022214869A2;0
A654;CN(C)CCCN(C)c1nc(Nc2ccc3c(c2)CCNC3)ncc1C(F)(F)F;>=''<';200-1000;Radiometric 33P;2,4-Diaminopyrimidine Derivatives as ULK1/2 Inhibitors and Their Use Thereof;WO2022214869A2;0
A655;CN(C)CCOc1ccc(Cl)c(Nc2ncc(C(F)(F)F)c(NCCCN3CCCCC3=O)n2)c1;>=''<';200-1000;Radiometric 33P;2,4-Diaminopyrimidine Derivatives as ULK1/2 Inhibitors and Their Use Thereof;WO2022214869A2;0
A656;Cn1cc(Nc2ncc(C(F)(F)F)c(NCCCN3CCCCC3=O)n2)c(OCC(F)(F)F)n1;>=''<';200-1000;Radiometric 33P;2,4-Diaminopyrimidine Derivatives as ULK1/2 Inhibitors and Their Use Thereof;WO2022214869A2;0
A657;CN1CCc2cc(Nc3ncc(C(F)(F)F)c(NCCCN4CCCC4)n3)ccc2C1;>=''<';200-1000;Radiometric 33P;2,4-Diaminopyrimidine Derivatives as ULK1/2 Inhibitors and Their Use Thereof;WO2022214869A2;0
A658;COc1cc(C(=O)N2CCN(C)CC2)ccc1Nc1ncc(C(F)(F)F)c(NCCCN2CCCCC2=O)n1;>=''<';200-1000;Radiometric 33P;2,4-Diaminopyrimidine Derivatives as ULK1/2 Inhibitors and Their Use Thereof;WO2022214869A2;0
A659;COc1cc(C(=O)NC2CCNCC2)ccc1Nc1ncc(C(F)(F)F)c(NCCCN2CCCCC2=O)n1;>=''<';200-1000;Radiometric 33P;2,4-Diaminopyrimidine Derivatives as ULK1/2 Inhibitors and Their Use Thereof;WO2022214869A2;0
A660;COc1cc2c(cc1Nc1ncc(C(F)(F)F)c(NCC3CNCCO3)n1)CNCC2;>=''<';200-1000;Radiometric 33P;2,4-Diaminopyrimidine Derivatives as ULK1/2 Inhibitors and Their Use Thereof;WO2022214869A2;0
A661;COc1cc2c(cc1Nc1ncc(C(F)(F)F)c(NCCC(=O)N3CCOCC3)n1)CNCC2;>=''<';200-1000;Radiometric 33P;2,4-Diaminopyrimidine Derivatives as ULK1/2 Inhibitors and Their Use Thereof;WO2022214869A2;0
A662;COc1cc2c(cc1Nc1ncc(C(F)(F)F)c(NCCCn3ccnc3)n1)CNCC2;>=''<';200-1000;Radiometric 33P;2,4-Diaminopyrimidine Derivatives as ULK1/2 Inhibitors and Their Use Thereof;WO2022214869A2;0
A663;COc1cc2c(cc1Nc1ncc(C3CC3)c(NCCCN3CCCCC3=O)n1)CNCC2;>=''<';200-1000;Radiometric 33P;2,4-Diaminopyrimidine Derivatives as ULK1/2 Inhibitors and Their Use Thereof;WO2022214869A2;0
A664;FC(F)(F)c1cnc(Nc2ccc(CCN3CCCC3)cc2)nc1NCc1cc[nH]n1;>=''<';200-1000;Radiometric 33P;2,4-Diaminopyrimidine Derivatives as ULK1/2 Inhibitors and Their Use Thereof;WO2022214869A2;0
A665;FC(F)(F)c1cnc(Nc2ccc(N3CCOCC3)cc2)nc1NCC1CCNC1;>=''<';200-1000;Radiometric 33P;2,4-Diaminopyrimidine Derivatives as ULK1/2 Inhibitors and Their Use Thereof;WO2022214869A2;0
A666;FC(F)(F)c1cnc(Nc2ccc(N3CCOCC3)cc2)nc1NCC1CNCCO1;>=''<';200-1000;Radiometric 33P;2,4-Diaminopyrimidine Derivatives as ULK1/2 Inhibitors and Their Use Thereof;WO2022214869A2;0
A667;FC(F)(F)c1cnc(Nc2ccc(N3CCOCC3)cc2)nc1NCCc1c[nH]cn1;>=''<';200-1000;Radiometric 33P;2,4-Diaminopyrimidine Derivatives as ULK1/2 Inhibitors and Their Use Thereof;WO2022214869A2;0
A668;FC(F)(F)c1cnc(Nc2ccc(N3CCOCC3)cc2)nc1NCCC1CCNCC1;>=''<';200-1000;Radiometric 33P;2,4-Diaminopyrimidine Derivatives as ULK1/2 Inhibitors and Their Use Thereof;WO2022214869A2;0
A669;N[C@H]1CC[C@H](Nc2nc(Nc3ccc(N4CCOCC4)cc3)ncc2C(F)(F)F)CC1;>=''<';200-1000;Radiometric 33P;2,4-Diaminopyrimidine Derivatives as ULK1/2 Inhibitors and Their Use Thereof;WO2022214869A2;0
A670;O=C(CCNc1nc(Nc2cccc(OC3CCNCC3)c2)ncc1C(F)(F)F)N1CCOCC1;>=''<';200-1000;Radiometric 33P;2,4-Diaminopyrimidine Derivatives as ULK1/2 Inhibitors and Their Use Thereof;WO2022214869A2;0
A671;O=C1CCCCN1CCCNc1nc(Nc2cc(CN3CCOCC3)ccc2Cl)ncc1C(F)(F)F;>=''<';200-1000;Radiometric 33P;2,4-Diaminopyrimidine Derivatives as ULK1/2 Inhibitors and Their Use Thereof;WO2022214869A2;0
A672;O=C1CCCCN1CCCNc1nc(Nc2cc(O)ccc2Cl)ncc1C(F)(F)F;>=''<';200-1000;Radiometric 33P;2,4-Diaminopyrimidine Derivatives as ULK1/2 Inhibitors and Their Use Thereof;WO2022214869A2;0
A673;O=C1CCCCN1CCCNc1nc(Nc2cc(OC3CCNCC3)ccc2Cl)ncc1C(F)(F)F;>=''<';200-1000;Radiometric 33P;2,4-Diaminopyrimidine Derivatives as ULK1/2 Inhibitors and Their Use Thereof;WO2022214869A2;0
A674;O=C1CCCCN1CCCNc1nc(Nc2cc(OCCN3CCOCC3)ccc2Cl)ncc1C(F)(F)F;>=''<';200-1000;Radiometric 33P;2,4-Diaminopyrimidine Derivatives as ULK1/2 Inhibitors and Their Use Thereof;WO2022214869A2;0
A675;O=C1CCCCN1CCCNc1nc(Nc2cc(S(=O)(=O)N3CCNCC3)cc3c2OCC3)ncc1C(F)(F)F;>=''<';200-1000;Radiometric 33P;2,4-Diaminopyrimidine Derivatives as ULK1/2 Inhibitors and Their Use Thereof;WO2022214869A2;0
A676;O=C1CCCCN1CCCNc1nc(Nc2ccccc2Cl)ncc1C(F)(F)F;>=''<';200-1000;Radiometric 33P;2,4-Diaminopyrimidine Derivatives as ULK1/2 Inhibitors and Their Use Thereof;WO2022214869A2;0
A677;CC(C)Oc1cc(N2CCCCC2)c2cc(C(=O)OCCN(C)C)[nH]c2c1;=';1000;ADP-Glo;Substituted Fused Heterocyclic Compounds, Methods of Preparation, and Uses for Inhibiting ULK1 and Antitumor Applications;CN112358435B;0
A678;CC(C)Oc1nn(C)cc1Nc1ncc(C(F)(F)F)c(NCCCN2CCCCC2=O)n1;>=';1000;Radiometric 33P;2,4-Diaminopyrimidine Derivatives as ULK1/2 Inhibitors and Their Use Thereof;WO2022214869A2;0
A679;CCN(CC)C(=O)C1CCCN(c2nc(Nc3cc4c(cc3OC)CCNC4)ncc2C(F)(F)F)C1;>=';1000;Radiometric 33P;2,4-Diaminopyrimidine Derivatives as ULK1/2 Inhibitors and Their Use Thereof;WO2022214869A2;0
A680;Clc1cccc(Nc2nc(N3CCNCC3)nc3c2ncn3-c2ccsc2)c1;=';1000;Fluorescence resonance energy transfer（AlphaScreen）;Chemical Synthesis and Use of in silico Methods for the Rational Design of Small Molecule anti-Cancer Therapeutic Candidates;Ph.D. thesis, The Scripps Research InstitutePh.D. thesis, The Scripps Research Institute;0
A681;CN(C)CCCNc1nc(Nc2cccc(OC3CCN(C)CC3)c2)ncc1C1CC1;>=';1000;Radiometric 33P;2,4-Diaminopyrimidine Derivatives as ULK1/2 Inhibitors and Their Use Thereof;WO2022214869A2;0
A682;CN(C)S(=O)(=O)c1cc2c(c(Nc3ncc(C(F)(F)F)c(NCCCN4CCCCC4=O)n3)c1)OCC2;>=';1000;Radiometric 33P;2,4-Diaminopyrimidine Derivatives as ULK1/2 Inhibitors and Their Use Thereof;WO2022214869A2;0
A683;CN1CCc2cc(Nc3ncc(C4CC4)c(NCCCN4CCCC4)n3)ccc2C1;>=';1000;Radiometric 33P;2,4-Diaminopyrimidine Derivatives as ULK1/2 Inhibitors and Their Use Thereof;WO2022214869A2;0
A684;CNC(=O)c1ccc(Nc2ncc(C(F)(F)F)c(NCCCN3CCCCC3=O)n2)c(OC)c1;>=';1000;Radiometric 33P;2,4-Diaminopyrimidine Derivatives as ULK1/2 Inhibitors and Their Use Thereof;WO2022214869A2;0
A685;COc1cc(C(=O)N(C)C)ccc1Nc1ncc(C(F)(F)F)c(NCCCN2CCCCC2=O)n1;>=';1000;Radiometric 33P;2,4-Diaminopyrimidine Derivatives as ULK1/2 Inhibitors and Their Use Thereof;WO2022214869A2;0
A686;COc1cc(C(=O)N2CCOCC2)ccc1Nc1ncc(C(F)(F)F)c(NCCCN2CCCCC2=O)n1;>=';1000;Radiometric 33P;2,4-Diaminopyrimidine Derivatives as ULK1/2 Inhibitors and Their Use Thereof;WO2022214869A2;0
A687;COc1cc(C(=O)O)ccc1Nc1ncc(C(F)(F)F)c(NCCCN2CCCCC2=O)n1;>=';1000;Radiometric 33P;2,4-Diaminopyrimidine Derivatives as ULK1/2 Inhibitors and Their Use Thereof;WO2022214869A2;0
A688;COc1cc(COC(C)C)ccc1Nc1ncc(C(F)(F)F)c(NCCCN2CCCCC2=O)n1;>=';1000;Radiometric 33P;2,4-Diaminopyrimidine Derivatives as ULK1/2 Inhibitors and Their Use Thereof;WO2022214869A2;0
A689;COc1cc2c(cc1Nc1ncc(C(F)(F)F)c(N3CCC(NC(C)=O)CC3)n1)CNCC2;>=';1000;Radiometric 33P;2,4-Diaminopyrimidine Derivatives as ULK1/2 Inhibitors and Their Use Thereof;WO2022214869A2;0
A690;COc1cc2c(cc1Nc1ncc(C(F)(F)F)c(NC3CCN(C(C)=O)CC3)n1)CNCC2;>=';1000;Radiometric 33P;2,4-Diaminopyrimidine Derivatives as ULK1/2 Inhibitors and Their Use Thereof;WO2022214869A2;0
A691;COc1cc2c(cc1Nc1ncc(C(F)(F)F)c(NC3CCN(S(C)(=O)=O)CC3)n1)CNCC2;>=';1000;Radiometric 33P;2,4-Diaminopyrimidine Derivatives as ULK1/2 Inhibitors and Their Use Thereof;WO2022214869A2;0
A692;COc1cc2c(cc1Nc1ncc(C(F)(F)F)c(NCCCN3CCCCC3=O)n1)C(=O)N(C)C2;>=';1000;Radiometric 33P;2,4-Diaminopyrimidine Derivatives as ULK1/2 Inhibitors and Their Use Thereof;WO2022214869A2;0
A693;COc1cc2c(cc1Nc1ncc(C(F)(F)F)c(NCCCN3CCCCC3=O)n1)C(=O)NCC2;>=';1000;Radiometric 33P;2,4-Diaminopyrimidine Derivatives as ULK1/2 Inhibitors and Their Use Thereof;WO2022214869A2;0
A694;COc1cc2c(cc1Nc1ncc(C(F)(F)F)c(NCCCn3cccn3)n1)CNCC2;>=';1000;Radiometric 33P;2,4-Diaminopyrimidine Derivatives as ULK1/2 Inhibitors and Their Use Thereof;WO2022214869A2;0
A695;COc1cc2c(cc1Nc1ncc(C3CC3)c(NCCCNC(=O)C3CCC3)n1)CNCC2;>=';1000;Radiometric 33P;2,4-Diaminopyrimidine Derivatives as ULK1/2 Inhibitors and Their Use Thereof;WO2022214869A2;0
A696;COc1ccc(CN2CCOCC2)cc1Nc1ncc(C(F)(F)F)c(NCCCN2CCCCC2=O)n1;>=';1000;Radiometric 33P;2,4-Diaminopyrimidine Derivatives as ULK1/2 Inhibitors and Their Use Thereof;WO2022214869A2;0
A697;COc1ccc(CO)cc1Nc1ncc(C(F)(F)F)c(NCCCN2CCCCC2=O)n1;>=';1000;Radiometric 33P;2,4-Diaminopyrimidine Derivatives as ULK1/2 Inhibitors and Their Use Thereof;WO2022214869A2;0
A698;COc1ccc(N2CCNCC2)cc1Nc1ncc(C(F)(F)F)c(NCCCN2CCCCC2=O)n1;>=';1000;Radiometric 33P;2,4-Diaminopyrimidine Derivatives as ULK1/2 Inhibitors and Their Use Thereof;WO2022214869A2;0
A699;COc1ccc(N2CCOCC2)cc1Nc1ncc(C(F)(F)F)c(NCCCN2CCCCC2=O)n1;>=';1000;Radiometric 33P;2,4-Diaminopyrimidine Derivatives as ULK1/2 Inhibitors and Their Use Thereof;WO2022214869A2;0
A700;COc1ccccc1Nc1ncc(C(F)(F)F)c(NCCCN2CCCCC2=O)n1;>=';1000;Radiometric 33P;2,4-Diaminopyrimidine Derivatives as ULK1/2 Inhibitors and Their Use Thereof;WO2022214869A2;0
A701;COc1nn(CCN2CCOCC2)cc1Nc1ncc(C(F)(F)F)c(NCCCN2CCCCC2=O)n1;>=';1000;Radiometric 33P;2,4-Diaminopyrimidine Derivatives as ULK1/2 Inhibitors and Their Use Thereof;WO2022214869A2;0
A702;COCc1ccc(Nc2ncc(C(F)(F)F)c(NCCCN3CCCCC3=O)n2)c(OC)c1;>=';1000;Radiometric 33P;2,4-Diaminopyrimidine Derivatives as ULK1/2 Inhibitors and Their Use Thereof;WO2022214869A2;0
A703;FC(F)(F)c1cnc(Nc2ccc(N3CCOCC3)cc2)nc1NCc1cn[nH]c1;>=';1000;Radiometric 33P;2,4-Diaminopyrimidine Derivatives as ULK1/2 Inhibitors and Their Use Thereof;WO2022214869A2;0
A704;Fc1cccc(Nc2ncc(C(F)(F)F)c(NCCCN3CCCC3)n2)c1;>=';1000;Radiometric 33P;2,4-Diaminopyrimidine Derivatives as ULK1/2 Inhibitors and Their Use Thereof;WO2022214869A2;0
A705;O=C1CCCCN1CCCNc1nc(Nc2cc(S(=O)(=O)N3CCOCC3)cc3c2OCC3)ncc1C(F)(F)F;>=';1000;Radiometric 33P;2,4-Diaminopyrimidine Derivatives as ULK1/2 Inhibitors and Their Use Thereof;WO2022214869A2;0
A706;O=C1CCCCN1CCCNc1nc(Nc2cccc3c2OCC3)ncc1C(F)(F)F;>=';1000;Radiometric 33P;2,4-Diaminopyrimidine Derivatives as ULK1/2 Inhibitors and Their Use Thereof;WO2022214869A2;0
A707;O=C1CCCN1CCCNc1nc(Nc2ccc3c(c2)CNCC3)ncc1C(F)(F)F;>=';1000;Radiometric 33P;2,4-Diaminopyrimidine Derivatives as ULK1/2 Inhibitors and Their Use Thereof;WO2022214869A2;0
A708;COC(=O)c1cc2c(OC(C)C)cc(OCc3ccccc3)cc2o1;=';1020;ADP-Glo;Substituted Fused Heterocyclic Compounds, Methods of Preparation, and Uses for Inhibiting ULK1 and Antitumor Applications;CN112358435B;0
A709;COC(=O)c1cc2c(OCc3ccccc3)cc(OC(C)C)cc2[nH]1;=';1020;ADP-Glo;Substituted Fused Heterocyclic Compounds, Methods of Preparation, and Uses for Inhibiting ULK1 and Antitumor Applications;CN112358435B;0
A710;CNC(=O)c1ccccc1Nc1cc(Nc2ccc3c(OC)cccc3n2)ncc1C(F)(F)F;=';1040;Alpha Screen;Rationally and Computationally Guided Synthesis Targeting the Inhibition of Cancer;Ph.D. thesis, The Scripps Research InstitutePh.D. thesis, The Scripps Research Institute;0
A711;CS(=O)(=O)N1CCN(C(=O)c2cc(-c3cnc4[nH]c(-c5ccc(F)cc5)cc4c3)cs2)CC1;=';1.071.937.498;in vitro;Inhibitors of ULK1 and Methods of Use;WO2023059786A1;0
A712;COC(=O)c1cc2c(OCc3ccc(C)cc3)cc(OC(C)C)cc2[nH]1;=';1090;ADP-Glo;Substituted Fused Heterocyclic Compounds, Methods of Preparation, and Uses for Inhibiting ULK1 and Antitumor Applications;CN112358435B;0
A713;C[C@@H](N)C1CCC(C(=O)Nc2ccncc2)CC1;=';1100;Fluorescence resonance energy transfer（AlphaScreen）;Development of an HTS-Compatible Assay for the Discovery of Ulk1 Inhibitors;doi: 10.1177/1087057115579391;0
A714;CN1CC=C(c2cc3c(NCCCN4CCCC4)c(C(F)(F)F)cnc3[nH]2)CC1;=';1.134.954.184;in vitro;Inhibitors of ULK1 and Methods of Use;WO2023059786A1;0
A715;CNS(=O)(=O)c1ccccc1Nc1cc(Nc2cccc3ncccc23)ncc1C(F)(F)F;=';1160;Alpha Screen;Rationally and Computationally Guided Synthesis Targeting the Inhibition of Cancer;Ph.D. thesis, The Scripps Research InstitutePh.D. thesis, The Scripps Research Institute;0
A716;CNC(=O)c1ccccc1Nc1cc(Nc2ccc(N3CCOCC3)cc2)ncc1C(F)(F)F;=';1180;Alpha Screen;Rationally and Computationally Guided Synthesis Targeting the Inhibition of Cancer;Ph.D. thesis, The Scripps Research InstitutePh.D. thesis, The Scripps Research Institute;0
A717;CCOc1cc(OC(C)C)c2cc(C(=O)OCCN3CCCCC3)[nH]c2c1;=';1210;ADP-Glo;Substituted Fused Heterocyclic Compounds, Methods of Preparation, and Uses for Inhibiting ULK1 and Antitumor Applications;CN112358435B;0
A718;COc1cc(N2CCOCC2)ccc1Nc1cc(Nc2ccccc2C(=O)N(C)C)c(C(F)(F)F)cn1;=';1210;Alpha Screen;Rationally and Computationally Guided Synthesis Targeting the Inhibition of Cancer;Ph.D. thesis, The Scripps Research InstitutePh.D. thesis, The Scripps Research Institute;0
A719;FC(F)(F)c1cnc2[nH]c(C3=CCNC3)cc2c1NCCCN1CC=CC1;=';1211;fluorescent signal  LanthaScreen;Inhibitors of ULK1 and Methods of Use;WO2023059786A1;0
A720;COC(=O)c1cc2c(N(C)C)cc(OCc3ccccc3)cc2[nH]1;=';1220;ADP-Glo;Substituted Fused Heterocyclic Compounds, Methods of Preparation, and Uses for Inhibiting ULK1 and Antitumor Applications;CN112358435B;0
A721;COC(=O)c1cc2c(OC(C)C)cc(F)cc2[nH]1;=';1220;ADP-Glo;Substituted Fused Heterocyclic Compounds, Methods of Preparation, and Uses for Inhibiting ULK1 and Antitumor Applications;CN112358435B;0
A722;CNC(=O)c1ccccc1Nc1cc(Nc2cnc3ccccc3c2)ncc1C(F)(F)F;=';1269;Alpha Screen;Rationally and Computationally Guided Synthesis Targeting the Inhibition of Cancer;Ph.D. thesis, The Scripps Research InstitutePh.D. thesis, The Scripps Research Institute;0
A723;CC(C)Oc1cc(OC(C)C)c2cc(C(=O)OCCN(C)C)n(Cc3ccccc3)c2c1;=';1280;ADP-Glo;Substituted Fused Heterocyclic Compounds, Methods of Preparation, and Uses for Inhibiting ULK1 and Antitumor Applications;CN112358435B;0
A724;FC(F)(F)c1cnc(Nc2cccc3ncccc23)cc1Nc1ccccc1-c1c[nH]nn1;=';1290;Alpha Screen;Rationally and Computationally Guided Synthesis Targeting the Inhibition of Cancer;Ph.D. thesis, The Scripps Research InstitutePh.D. thesis, The Scripps Research Institute;0
A725;N#Cc1cccc(Nc2nc(N3CCNCC3)nc3c2ncn3-c2ccsc2)c1;=';1300;Fluorescence resonance energy transfer（AlphaScreen）;Chemical Synthesis and Use of in silico Methods for the Rational Design of Small Molecule anti-Cancer Therapeutic Candidates;Ph.D. thesis, The Scripps Research InstitutePh.D. thesis, The Scripps Research Institute;0
A726;OC[C@H]1CNCCN1c1nc(Nc2ccccc2)c2ncn(-c3ccsc3)c2n1;=';1300;Fluorescence resonance energy transfer（AlphaScreen）;Chemical Synthesis and Use of in silico Methods for the Rational Design of Small Molecule anti-Cancer Therapeutic Candidates;Ph.D. thesis, The Scripps Research InstitutePh.D. thesis, The Scripps Research Institute;0
A727;CNC(=O)c1ccccc1Nc1cc(Nc2ccc3ccccc3c2)ncc1C(F)(F)F;=';1340;Alpha Screen;Rationally and Computationally Guided Synthesis Targeting the Inhibition of Cancer;Ph.D. thesis, The Scripps Research InstitutePh.D. thesis, The Scripps Research Institute;0
A728;CC(C)Oc1cc(N(C)C)cc2[nH]c(C(=O)OCCN3CCCCC3)cc12;=';1350;ADP-Glo;Substituted Fused Heterocyclic Compounds, Methods of Preparation, and Uses for Inhibiting ULK1 and Antitumor Applications;CN112358435B;0
A729;CCCCOc1cc(OC(C)C)cc2[nH]c(C(=O)OC)cc12;=';1360;ADP-Glo;Substituted Fused Heterocyclic Compounds, Methods of Preparation, and Uses for Inhibiting ULK1 and Antitumor Applications;CN112358435B;0
A730;O=C(NCCCN1CCCC1)c1cc(-c2cnc3[nH]c(-c4ccc(F)cc4)cc3c2)cs1;=';1.392.120.684;in vitro;Development of potent and selective ULK1/2 inhibitors based on 7-azaindole scaffold with favorable in vivo properties;doi: 10.1016/j.ejmech.2023.116101;0
A731;O=C(NCCN1CCOCC1)c1cc(-c2cnc3[nH]c(-c4ccc(F)cc4)cc3c2)cs1;=';1.396.735.531;in vitro;Development of potent and selective ULK1/2 inhibitors based on 7-azaindole scaffold with favorable in vivo properties;doi: 10.1016/j.ejmech.2023.116101;0
A732;CC(=O)Oc1cc(OC(C)C)c2cc(C(=O)OCCCN(C)C)[nH]c2c1;=';1420;ADP-Glo;Substituted Fused Heterocyclic Compounds, Methods of Preparation, and Uses for Inhibiting ULK1 and Antitumor Applications;CN112358435B;0
A733;Nc1n[nH]c2ccc(NC(=O)[C@H]3CC[C@@H](N)CC3)cc12;=';1490;Fluorescence resonance energy transfer（AlphaScreen）;In Silico HTS and Structure Based Optimization of Indazole-Derived ULK1 Inhibitors;doi: 10.1021/acsmedchemlett.7b00344;0
A734;CCCCCCCCCCC/C=C\C(C)(C)/C=C\CCCC(=O)O;=';1590;Fluorescence resonance energy transfer（AlphaScreen）;Development of an HTS-Compatible Assay for the Discovery of Ulk1 Inhibitors;doi: 10.1177/1087057115579391;0
A735;Clc1ccc2[nH]c(CNc3nc(N4CCNCC4)nc4c3ncn4-c3ccsc3)nc2c1;=';1600;Fluorescence resonance energy transfer（AlphaScreen）;Chemical Synthesis and Use of in silico Methods for the Rational Design of Small Molecule anti-Cancer Therapeutic Candidates;Ph.D. thesis, The Scripps Research InstitutePh.D. thesis, The Scripps Research Institute;0
A736;FC(F)(F)c1cnc2[nH]c(C3=CCCNC3)cc2c1NCCCN1CC=CC1;=';1600;fluorescent signal  LanthaScreen;Inhibitors of ULK1 and Methods of Use;WO2023059786A1;0
A737;CNc1cc(-c2ccc3nc(Nc4cc(CN5CCN(C(=O)CC(F)(F)F)CC5)ccn4)[nH]c3c2)ncn1;=';1640;Radiometric based assays（Filtration binding assay）;Discovery of BAY-985, a Highly Selective TBK1/IKKε Inhibitor;doi: 10.1021/acs.jmedchem.9b01460;0
A738;CC(C)Oc1cc(N(C)C)cc2[nH]c(C(=O)OCCN(C)C)cc12;=';1660;ADP-Glo;Substituted Fused Heterocyclic Compounds, Methods of Preparation, and Uses for Inhibiting ULK1 and Antitumor Applications;CN112358435B;0
A739;O=C1Nc2ccc(I)cc2/C1=C/c1cc(Br)c(O)c(Br)c1;=';1720;Fluorescence resonance energy transfer（AlphaScreen）;Development of an HTS-Compatible Assay for the Discovery of Ulk1 Inhibitors;doi: 10.1177/1087057115579391;0
A740;CCOc1cc(OC(C)C)c2cc(C(=O)OC)sc2c1;=';1730;ADP-Glo;Substituted Fused Heterocyclic Compounds, Methods of Preparation, and Uses for Inhibiting ULK1 and Antitumor Applications;CN112358435B;0
A741;CC(C)Oc1cc(OC(C)C)c2cc(C(=O)OCCN3CCN(C)CC3)oc2c1;=';1750;ADP-Glo;Substituted Fused Heterocyclic Compounds, Methods of Preparation, and Uses for Inhibiting ULK1 and Antitumor Applications;CN112358435B;0
A742;Clc1ccc2[nH]c(CNc3nc(N4CCNCC4)nc4c3ncn4-c3ccoc3)nc2c1;=';1800;Fluorescence resonance energy transfer（AlphaScreen）;Chemical Synthesis and Use of in silico Methods for the Rational Design of Small Molecule anti-Cancer Therapeutic Candidates;Ph.D. thesis, The Scripps Research InstitutePh.D. thesis, The Scripps Research Institute;0
A743;O=C(Nc1ccc2[nH]nc(Nc3cccc4ccccc34)c2c1)C1CCOCC1;=';1830;Fluorescence resonance energy transfer（AlphaScreen）;In Silico HTS and Structure Based Optimization of Indazole-Derived ULK1 Inhibitors;doi: 10.1021/acsmedchemlett.7b00344;0
A744;CN(C)c1cc(OCc2ccccc2)c2cc(C(=O)OCCN3CCOCC3)[nH]c2c1;=';1850;ADP-Glo;Substituted Fused Heterocyclic Compounds, Methods of Preparation, and Uses for Inhibiting ULK1 and Antitumor Applications;CN112358435B;0
A745;CC(C)Oc1cc(OC(C)C)c2cc(C(=O)OCCN3CCNCC3)[nH]c2c1;=';1870;ADP-Glo;Substituted Fused Heterocyclic Compounds, Methods of Preparation, and Uses for Inhibiting ULK1 and Antitumor Applications;CN112358435B;0
A746;CNC(=O)c1ccccc1Nc1cc(Nc2ccc(C(N)=O)cn2)ncc1C(F)(F)F;=';1930;Alpha Screen;Rationally and Computationally Guided Synthesis Targeting the Inhibition of Cancer;Ph.D. thesis, The Scripps Research InstitutePh.D. thesis, The Scripps Research Institute;0
A747;NCCCCNc1nc(Nc2ccccc2)c2ncn(-c3ccsc3)c2n1;=';2000;Fluorescence resonance energy transfer（AlphaScreen）;Chemical Synthesis and Use of in silico Methods for the Rational Design of Small Molecule anti-Cancer Therapeutic Candidates;Ph.D. thesis, The Scripps Research InstitutePh.D. thesis, The Scripps Research Institute;0
A748;CC(C)Oc1cc(N(C)C)cc2oc(C(=O)OCCN(C)C)cc12;=';2110;ADP-Glo;Substituted Fused Heterocyclic Compounds, Methods of Preparation, and Uses for Inhibiting ULK1 and Antitumor Applications;CN112358435B;0
A749;OC[C@@H]1CNCCN1c1nc(Nc2ccccc2)c2ncn(-c3ccsc3)c2n1;=';2200;Fluorescence resonance energy transfer（AlphaScreen）;Chemical Synthesis and Use of in silico Methods for the Rational Design of Small Molecule anti-Cancer Therapeutic Candidates;Ph.D. thesis, The Scripps Research InstitutePh.D. thesis, The Scripps Research Institute;0
A750;O=C(Nc1ccc2[nH]nc(Nc3cccc4ccccc34)c2c1)C1CCCC(O)C1;=';2220;Fluorescence resonance energy transfer（AlphaScreen）;In Silico HTS and Structure Based Optimization of Indazole-Derived ULK1 Inhibitors;doi: 10.1021/acsmedchemlett.7b00344;0
A751;CNC(=O)c1ccccc1Nc1cc(Nc2cccc3ccncc23)ncc1C(F)(F)F;=';2290;Alpha Screen;Rationally and Computationally Guided Synthesis Targeting the Inhibition of Cancer;Ph.D. thesis, The Scripps Research InstitutePh.D. thesis, The Scripps Research Institute;0
A752;C=CCOc1cc(OC(C)C)c2cc(C(=O)OC)[nH]c2c1;=';2330;ADP-Glo;Substituted Fused Heterocyclic Compounds, Methods of Preparation, and Uses for Inhibiting ULK1 and Antitumor Applications;CN112358435B;0
A753;CC(=O)c1c(O)c(C)c(O)c(Cc2c(O)c3c(c(C(=O)/C=C/c4ccccc4)c2O)OC(C)(C)C=C3)c1O;=';2400;Fluorescence resonance energy transfer（AlphaScreen）;Development of an HTS-Compatible Assay for the Discovery of Ulk1 Inhibitors;doi: 10.1177/1087057115579391;0
A754;CNC(=O)c1ccccc1Nc1cc(Nc2ccc(N3CCOCC3)cc2OC)ncc1Br;=';2415;Alpha Screen;Rationally and Computationally Guided Synthesis Targeting the Inhibition of Cancer;Ph.D. thesis, The Scripps Research InstitutePh.D. thesis, The Scripps Research Institute;0
A755;NC1CCCC(C(=O)Nc2ccc3[nH]nc(Nc4ccccc4)c3c2)C1;=';2730;Fluorescence resonance energy transfer（AlphaScreen）;In Silico HTS and Structure Based Optimization of Indazole-Derived ULK1 Inhibitors;doi: 10.1021/acsmedchemlett.7b00344;0
A756;COC(=O)[C@H](CO)NC(=O)c1cc(-c2cnc3[nH]c(-c4ccc(F)cc4)cc3c2)cs1;=';2.818.382.931;in vitro;Development of potent and selective ULK1/2 inhibitors based on 7-azaindole scaffold with favorable in vivo properties;doi: 10.1016/j.ejmech.2023.116101;0
A757;CNC(=O)c1ccccc1Nc1cc(Nc2nccc3ccccc23)ncc1C(F)(F)F;=';2910;Alpha Screen;Rationally and Computationally Guided Synthesis Targeting the Inhibition of Cancer;Ph.D. thesis, The Scripps Research InstitutePh.D. thesis, The Scripps Research Institute;0
A758;CC[C@@H](CO)NC(=O)c1cccc(-c2cnc3[nH]c(-c4ccc(F)cc4)cc3c2)c1;=';2.933.242.233;in vitro;Inhibitors of ULK1 and Methods of Use;WO2023059786A1;0
A759;O=C(NCCCCNc1nc(Nc2ccccc2)c2ncn(-c3ccsc3)c2n1)C1CCC1;=';3000;Fluorescence resonance energy transfer（AlphaScreen）;Chemical Synthesis and Use of in silico Methods for the Rational Design of Small Molecule anti-Cancer Therapeutic Candidates;Ph.D. thesis, The Scripps Research InstitutePh.D. thesis, The Scripps Research Institute;0
A760;CS(=O)(=O)c1ccccc1Nc1cc(Nc2cccc3ncccc23)ncc1C(F)(F)F;=';3020;Alpha Screen;Rationally and Computationally Guided Synthesis Targeting the Inhibition of Cancer;Ph.D. thesis, The Scripps Research InstitutePh.D. thesis, The Scripps Research Institute;0
A761;N[C@@H]1CCC[C@H](C(=O)Nc2ccc3[nH]nc(Nc4cccc5ccccc45)c3c2)C1;=';3050;Fluorescence resonance energy transfer（AlphaScreen）;In Silico HTS and Structure Based Optimization of Indazole-Derived ULK1 Inhibitors;doi: 10.1021/acsmedchemlett.7b00344;0
A762;COC(=O)c1cc2c(OC(C)C)cc(OC(C)C)cc2n1C;=';3070;ADP-Glo;Substituted Fused Heterocyclic Compounds, Methods of Preparation, and Uses for Inhibiting ULK1 and Antitumor Applications;CN112358435B;0
A763;c1cc(-c2cnn3cc(-c4ccc(OCCN5CCCCC5)cc4)cnc23)ccn1;=';3090;Radiometric based assays（Filtration binding assay）;AMP-activated protein kinase selectively inhibited by the type II inhibitor SBI-0206965;doi: 10.1074/jbc.RA118.003547;0
A764;CNC(=O)c1ccccc1Nc1cc(Nc2cc3ccccc3cc2OC)ncc1C(F)(F)F;=';3203;Alpha Screen;Rationally and Computationally Guided Synthesis Targeting the Inhibition of Cancer;Ph.D. thesis, The Scripps Research InstitutePh.D. thesis, The Scripps Research Institute;0
A765;CNC(=O)c1ccccc1Nc1cc(Nc2cc3ccccc3cn2)ncc1C(F)(F)F;=';3350;Alpha Screen;Rationally and Computationally Guided Synthesis Targeting the Inhibition of Cancer;Ph.D. thesis, The Scripps Research InstitutePh.D. thesis, The Scripps Research Institute;0
A766;O=C(NCC(F)(F)F)c1ccc(-c2cnc3[nH]c(-c4ccc(F)cc4)cc3c2)cc1;=';3.393.672.824;in vitro;Development of potent and selective ULK1/2 inhibitors based on 7-azaindole scaffold with favorable in vivo properties;doi: 10.1016/j.ejmech.2023.116101;0
A767;c1ccc2[nH]c(CNc3nc(N4CCNCC4)nc4c3ncn4-c3ccoc3)nc2c1;=';3600;Fluorescence resonance energy transfer（AlphaScreen）;Chemical Synthesis and Use of in silico Methods for the Rational Design of Small Molecule anti-Cancer Therapeutic Candidates;Ph.D. thesis, The Scripps Research InstitutePh.D. thesis, The Scripps Research Institute;0
A768;O=C1c2c(O)ccc(O)c2C(=O)c2c(NCCNCCO)ccc(NCCNCCO)c21;=';3820;Fluorescence resonance energy transfer（AlphaScreen）;Development of an HTS-Compatible Assay for the Discovery of Ulk1 Inhibitors;doi: 10.1177/1087057115579391;0
A769;CNC(=O)c1ccccc1Nc1cc(Nc2cccc3c2CCCC3)ncc1C(F)(F)F;=';3870;Alpha Screen;Rationally and Computationally Guided Synthesis Targeting the Inhibition of Cancer;Ph.D. thesis, The Scripps Research InstitutePh.D. thesis, The Scripps Research Institute;0
A770;c1ccc(Nc2nc(NCCc3c[nH]cn3)nc3c2ncn3-c2ccsc2)cc1;=';4000;Fluorescence resonance energy transfer（AlphaScreen）;Chemical Synthesis and Use of in silico Methods for the Rational Design of Small Molecule anti-Cancer Therapeutic Candidates;Ph.D. thesis, The Scripps Research InstitutePh.D. thesis, The Scripps Research Institute;0
A771;NCC1CCCN(c2nc(Nc3ccccc3)c3ncn(-c4ccsc4)c3n2)C1;=';4000;Fluorescence resonance energy transfer（AlphaScreen）;Chemical Synthesis and Use of in silico Methods for the Rational Design of Small Molecule anti-Cancer Therapeutic Candidates;Ph.D. thesis, The Scripps Research InstitutePh.D. thesis, The Scripps Research Institute;0
A772;O=C(NCC(F)(F)F)c1cnc(-c2cnc3[nH]c(-c4ccc(F)cc4)cc3c2)s1;=';4.185.297.541;in vitro;Development of potent and selective ULK1/2 inhibitors based on 7-azaindole scaffold with favorable in vivo properties;doi: 10.1016/j.ejmech.2023.116101;0
A773;c1ccc2[nH]c(CNc3nc(N4CCNCC4)nc4c3ncn4-c3ccsc3)nc2c1;=';4200;Fluorescence resonance energy transfer（AlphaScreen）;Chemical Synthesis and Use of in silico Methods for the Rational Design of Small Molecule anti-Cancer Therapeutic Candidates;Ph.D. thesis, The Scripps Research InstitutePh.D. thesis, The Scripps Research Institute;0
A774;CN(C)C1CCCC(C(=O)Nc2ccc3[nH]nc(Nc4cccc5ccccc45)c3c2)C1;=';4230;Fluorescence resonance energy transfer（AlphaScreen）;In Silico HTS and Structure Based Optimization of Indazole-Derived ULK1 Inhibitors;doi: 10.1021/acsmedchemlett.7b00344;0
A775;CC(C)C(NC(=O)c1cc(-c2cnc3[nH]c(-c4ccc(F)cc4)cc3c2)cs1)C(F)(F)F;=';4.355.456.348;in vitro;Inhibitors of ULK1 and Methods of Use;WO2023059786A1;0
A776;CN1CCN(c2nc(NCc3nc4cc(Cl)ccc4[nH]3)c3ncn(-c4ccoc4)c3n2)CC1;=';4400;Fluorescence resonance energy transfer（AlphaScreen）;Chemical Synthesis and Use of in silico Methods for the Rational Design of Small Molecule anti-Cancer Therapeutic Candidates;Ph.D. thesis, The Scripps Research InstitutePh.D. thesis, The Scripps Research Institute;0
A777;CNC(=O)c1ccccc1Nc1nc(Nc2ccc(N3CCOCC3)cc2OC)nc2[nH]cnc12;=';4400;Alpha Screen;Rationally and Computationally Guided Synthesis Targeting the Inhibition of Cancer;Ph.D. thesis, The Scripps Research InstitutePh.D. thesis, The Scripps Research Institute;0
A778;O=C(NCCN1CCNCC1)c1cc(-c2cnc3[nH]c(-c4ccc(F)cc4)cc3c2)cs1;=';4.466.835.922;in vitro;Development of potent and selective ULK1/2 inhibitors based on 7-azaindole scaffold with favorable in vivo properties;doi: 10.1016/j.ejmech.2023.116101;0
A779;FC(F)(F)c1cnc2[nH]c(C3CCOCC3)cc2c1NCCN1CCOCC1;=';4.481.359.392;in vitro;Inhibitors of ULK1 and Methods of Use;WO2023059786A1;0
A780;Brc1c(Br)c(Br)c2n[nH]nc2c1Br;=';4620;Fluorescence resonance energy transfer（AlphaScreen）;Development of an HTS-Compatible Assay for the Discovery of Ulk1 Inhibitors;doi: 10.1177/1087057115579391;0
A781;O=C(Nc1ccc2[nH]nc(Nc3cccc4ccccc34)c2c1)C1CCN1;=';4940;Fluorescence resonance energy transfer（AlphaScreen）;In Silico HTS and Structure Based Optimization of Indazole-Derived ULK1 Inhibitors;doi: 10.1021/acsmedchemlett.7b00344;0
A782;CNS(=O)(=O)c1ccccc1Nc1cc(Nc2ccc3ccccc3n2)ncc1C(F)(F)F;=';4950;Alpha Screen;Rationally and Computationally Guided Synthesis Targeting the Inhibition of Cancer;Ph.D. thesis, The Scripps Research InstitutePh.D. thesis, The Scripps Research Institute;0
A783;c1ccc(Nc2nc(N3CCNCC3)nc3c2ncn3C2CC2)cc1;=';5000;Fluorescence resonance energy transfer（AlphaScreen）;Chemical Synthesis and Use of in silico Methods for the Rational Design of Small Molecule anti-Cancer Therapeutic Candidates;Ph.D. thesis, The Scripps Research InstitutePh.D. thesis, The Scripps Research Institute;0
A784;O=C(NCC(F)(F)F)c1ccnc(-c2cnc3[nH]c(-c4ccc(F)cc4)cc3c2)c1;=';5.280.250.544;in vitro;Development of potent and selective ULK1/2 inhibitors based on 7-azaindole scaffold with favorable in vivo properties;doi: 10.1016/j.ejmech.2023.116101;0
A785;COc1ccc2[nH]c(CNc3nc(N4CCN(C)CC4)nc4c3ncn4-c3ccoc3)nc2c1;=';6500;Fluorescence resonance energy transfer（AlphaScreen）;Chemical Synthesis and Use of in silico Methods for the Rational Design of Small Molecule anti-Cancer Therapeutic Candidates;Ph.D. thesis, The Scripps Research InstitutePh.D. thesis, The Scripps Research Institute;0
A786;CN1CCN(c2nc(NCc3nc4cc(F)ccc4[nH]3)c3ncn(-c4ccoc4)c3n2)CC1;=';6600;Fluorescence resonance energy transfer（AlphaScreen）;Chemical Synthesis and Use of in silico Methods for the Rational Design of Small Molecule anti-Cancer Therapeutic Candidates;Ph.D. thesis, The Scripps Research InstitutePh.D. thesis, The Scripps Research Institute;0
A787;CNS(=O)(=O)c1ccccc1Nc1cc(Nc2ccc3ncccc3c2)ncc1C(F)(F)F;=';6620;Alpha Screen;Rationally and Computationally Guided Synthesis Targeting the Inhibition of Cancer;Ph.D. thesis, The Scripps Research InstitutePh.D. thesis, The Scripps Research Institute;0
A788;CNC(=O)c1ccccc1Nc1cc(Nc2ccc3ccccc3n2)ncc1C;=';6733;Alpha Screen;Rationally and Computationally Guided Synthesis Targeting the Inhibition of Cancer;Ph.D. thesis, The Scripps Research InstitutePh.D. thesis, The Scripps Research Institute;0
A789;CNC(=O)c1ccccc1Nc1cc(NC2CCCc3ccccc32)ncc1C(F)(F)F;=';7050;Alpha Screen;Rationally and Computationally Guided Synthesis Targeting the Inhibition of Cancer;Ph.D. thesis, The Scripps Research InstitutePh.D. thesis, The Scripps Research Institute;0
A790;CN(C)C(=O)c1ccccc1Nc1cc(Nc2cccc3ncccc23)ncc1C(F)(F)F;=';7220;Alpha Screen;Rationally and Computationally Guided Synthesis Targeting the Inhibition of Cancer;Ph.D. thesis, The Scripps Research InstitutePh.D. thesis, The Scripps Research Institute;0
A791;Clc1ccc2[nH]c(CNc3nc(N4CCCNCC4)nc4c3ncn4-c3ccoc3)nc2c1;=';7600;Fluorescence resonance energy transfer（AlphaScreen）;Chemical Synthesis and Use of in silico Methods for the Rational Design of Small Molecule anti-Cancer Therapeutic Candidates;Ph.D. thesis, The Scripps Research InstitutePh.D. thesis, The Scripps Research Institute;0
A792;FC1(F)CCN(c2c(C(F)(F)F)cnc3[nH]c(C4=CCOCC4)cc23)CC1;=';765.227.855;in vitro;Inhibitors of ULK1 and Methods of Use;WO2023059786A1;0
A793;CC(C)c1ccc2c(c1)c(SC(C)(C)C)c(CC(C)(C)C(=O)O)n2Cc1ccc(Cl)cc1;=';7800;Fluorescence resonance energy transfer（AlphaScreen）;Development of an HTS-Compatible Assay for the Discovery of Ulk1 Inhibitors;doi: 10.1177/1087057115579391;0
A794;C[C@H](c1ccnc(Nc2nc3ccc(-c4cc(N(C)C)ncn4)cc3[nH]2)c1)N1CCN(C(=O)CC(F)(F)F)CC1;=';7930;Radiometric based assays（Filtration binding assay）;Discovery of BAY-985, a Highly Selective TBK1/IKKε Inhibitor;doi: 10.1021/acs.jmedchem.9b01460;0
A795;CCCCCCCCCCCCCCCCCC(=O)NCC(COP(=O)([O-])OCC[N+](C)(C)C)OCC;=';7990;Fluorescence resonance energy transfer（AlphaScreen）;Development of an HTS-Compatible Assay for the Discovery of Ulk1 Inhibitors;doi: 10.1177/1087057115579391;0
A796;COC(=O)C1CN(c2nc(Nc3ccccc3)c3ncn(-c4ccsc4)c3n2)CCN1;=';8000;Fluorescence resonance energy transfer（AlphaScreen）;Chemical Synthesis and Use of in silico Methods for the Rational Design of Small Molecule anti-Cancer Therapeutic Candidates;Ph.D. thesis, The Scripps Research InstitutePh.D. thesis, The Scripps Research Institute;0
A797;Cc1cc2c(C(C)C)c(O)c(O)c(C=O)c2c(O)c1-c1c(C)cc2c(C(C)C)c(O)c(O)c(C=O)c2c1O;=';8170;Fluorescence resonance energy transfer（AlphaScreen）;Development of an HTS-Compatible Assay for the Discovery of Ulk1 Inhibitors;doi: 10.1177/1087057115579391;0
A798;Cc1ccc(S(=O)(=O)N[C@H]2CCCC[C@@H]2Nc2cc(Nc3cccc4ncccc34)ncc2C(F)(F)F)cc1;=';8350;Alpha Screen;Rationally and Computationally Guided Synthesis Targeting the Inhibition of Cancer;Ph.D. thesis, The Scripps Research InstitutePh.D. thesis, The Scripps Research Institute;0
A799;CC(=O)c1ccccc1Nc1cc(Nc2cccc3ncccc23)ncc1C(F)(F)F;=';8550;Alpha Screen;Rationally and Computationally Guided Synthesis Targeting the Inhibition of Cancer;Ph.D. thesis, The Scripps Research InstitutePh.D. thesis, The Scripps Research Institute;0
A800;CC1CN(c2nc(NCc3nc4ccccc4[nH]3)c3ncn(-c4ccsc4)c3n2)CCN1;=';8700;Fluorescence resonance energy transfer（AlphaScreen）;Chemical Synthesis and Use of in silico Methods for the Rational Design of Small Molecule anti-Cancer Therapeutic Candidates;Ph.D. thesis, The Scripps Research InstitutePh.D. thesis, The Scripps Research Institute;0
A801;O=C1Nc2ccc(-c3cccnc3)cc2/C1=C\c1cc(Br)c(O)c(Br)c1;=';8710;Fluorescence Intensity assays（ADP Hunter™ Plus）;The identification and characterisation of autophagy inhibitors from the published kinase inhibitor sets;doi: 10.1042/bcj20190846;0
A802;CC(=O)NCCCCNc1nc(Nc2ccccc2)c2ncn(-c3ccsc3)c2n1;=';9000;Fluorescence resonance energy transfer（AlphaScreen）;Chemical Synthesis and Use of in silico Methods for the Rational Design of Small Molecule anti-Cancer Therapeutic Candidates;Ph.D. thesis, The Scripps Research InstitutePh.D. thesis, The Scripps Research Institute;0
A803;CC(C)(Sc1ccc(CCN(CCCCC2CCCCC2)C(=O)NC2CCCCC2)cc1)C(=O)O;=';9090;Fluorescence resonance energy transfer（AlphaScreen）;Development of an HTS-Compatible Assay for the Discovery of Ulk1 Inhibitors;doi: 10.1177/1087057115579391;0
A804;C[C@@H](c1ccc(F)cc1)n1nnc2cnc3ccc(-c4ccc5ocnc5c4)cc3c21;>';10000;Radiometric based assays（Filtration binding assay）？;Discovery of Potent and Selective Inhibitors of Cdc2-Like Kinase 1 (CLK1) as a New Class of Autophagy Inducers;doi: 10.1021/acs.jmedchem.7b00665;0
A805;C[C@H](CO)NC(=O)c1cc(-c2cnc3[nH]c(-c4ccc(F)cc4)cc3c2)cs1;=';10000;fluorescent signal  LanthaScreen;Inhibitors of ULK1 and Methods of Use;WO2023059786A1;0
A806;CC(C)(C)OC(=O)N1CCC(c2cc3cc(-c4csc(C(=O)NCC(F)(F)F)c4)cnc3[nH]2)CC1;=';10000;radiometric HotSpot™;Inhibitors of ULK1 and Methods of Use;WO2023059786A1;0
A807;CC(C)(C)OC(=O)N1CCCC(c2cc3cc(-c4csc(C(=O)NCC(F)(F)F)c4)cnc3[nH]2)C1;=';10000;radiometric HotSpot™;Inhibitors of ULK1 and Methods of Use;WO2023059786A1;0
A808;CC(NC(=O)c1cc(-c2cnc3[nH]c(-c4ccc(F)cc4)cc3c2)cs1)C1CC1;=';10000;radiometric HotSpot™;Inhibitors of ULK1 and Methods of Use;WO2023059786A1;0
A809;CN(C)c1cc(-c2ccc3nc(Nc4cc(CN5CCN(C(=O)CC(F)(F)F)CC5)ccn4)[nH]c3c2)ncn1;>';10000;Radiometric based assays（Filtration binding assay）;Discovery of BAY-985, a Highly Selective TBK1/IKKε Inhibitor;doi: 10.1021/acs.jmedchem.9b01460;0
A810;CN1CCC(c2cc3c(N4CC(F)(F)C4)c(C(F)(F)F)cnc3[nH]2)CC1;=';10000;radiometric HotSpot™;Inhibitors of ULK1 and Methods of Use;WO2023059786A1;0
A811;CN1CCC(c2cc3c(NCCCN4CCCC4)c(C(F)(F)F)cnc3[nH]2)CC1;=';10000;radiometric HotSpot™;Inhibitors of ULK1 and Methods of Use;WO2023059786A1;0
A812;CNC(=O)c1ccccc1Nc1cc(Nc2cccc3cccnc23)ncc1C(F)(F)F;>';10000;Alpha Screen;Rationally and Computationally Guided Synthesis Targeting the Inhibition of Cancer;Ph.D. thesis, The Scripps Research InstitutePh.D. thesis, The Scripps Research Institute;0
A813;CNC(=O)c1ccccc1Nc1nc(Nc2ccc3ccccc3n2)nc2[nH]cnc12;>';10000;Alpha Screen;Rationally and Computationally Guided Synthesis Targeting the Inhibition of Cancer;Ph.D. thesis, The Scripps Research InstitutePh.D. thesis, The Scripps Research Institute;0
A814;CNS(=O)(=O)c1cccc(Nc2cc(Nc3cccc4ncccc34)ncc2C(F)(F)F)c1;>';10000;Alpha Screen;Rationally and Computationally Guided Synthesis Targeting the Inhibition of Cancer;Ph.D. thesis, The Scripps Research InstitutePh.D. thesis, The Scripps Research Institute;0
A815;CS(=O)(=O)NC1CCN(C(=O)c2cc(-c3cnc4[nH]c(-c5ccc(F)cc5)cc4c3)cs2)C1;=';10000;radiometric HotSpot™;Inhibitors of ULK1 and Methods of Use;WO2023059786A1;0
A816;FC(F)(F)c1cnc(Nc2cccc3ncccc23)cc1Nc1ccccc1-c1cn(Cc2ccccc2)nn1;>';10000;Alpha Screen;Rationally and Computationally Guided Synthesis Targeting the Inhibition of Cancer;Ph.D. thesis, The Scripps Research InstitutePh.D. thesis, The Scripps Research Institute;0
A817;FC1(F)CCN(c2c(C(F)(F)F)cnc3[nH]c(C4CCOCC4)cc23)CC1;=';10000;radiometric HotSpot™;Inhibitors of ULK1 and Methods of Use;WO2023059786A1;0
A818;FC1(F)CN(c2c(C(F)(F)F)cnc3[nH]c(C4CCOCC4)cc23)C1;=';10000;radiometric HotSpot™;Inhibitors of ULK1 and Methods of Use;WO2023059786A1;0
A819;Nc1ccccc1Nc1nc(N2CCNCC2)nc2c1ncn2-c1ccsc1;=';10000;Fluorescence resonance energy transfer（AlphaScreen）;Chemical Synthesis and Use of in silico Methods for the Rational Design of Small Molecule anti-Cancer Therapeutic Candidates;Ph.D. thesis, The Scripps Research InstitutePh.D. thesis, The Scripps Research Institute;0
A820;O=C(c1cc(-c2cnc3[nH]c(-c4ccc(F)cc4)cc3c2)cs1)N1CCC(F)(F)CC1;=';10000;radiometric HotSpot™;Inhibitors of ULK1 and Methods of Use;WO2023059786A1;0
A821;O=C(c1cc(-c2cnc3[nH]c(-c4ccc(F)cc4)cc3c2)cs1)N1CCC(NC(=O)C(F)(F)F)C1;=';10000;radiometric HotSpot™;Inhibitors of ULK1 and Methods of Use;WO2023059786A1;0
A822;O=C(c1nc(-c2cnc3[nH]c(-c4ccc(F)cc4)cc3c2)cs1)N1CC(F)(F)C1;=';10000;radiometric HotSpot™;Inhibitors of ULK1 and Methods of Use;WO2023059786A1;0
A823;O=C(NCC(F)(F)F)c1ccc(-c2cnc3[nH]c(-c4ccc(F)cc4)cc3c2)s1;=';10000;radiometric HotSpot™;Inhibitors of ULK1 and Methods of Use;WO2023059786A1;0
A824;CN1CCN(c2nc(NCc3nc4ccccc4[nH]3)c3ncn(-c4ccsc4)c3n2)CC1;=';10900;Fluorescence resonance energy transfer（AlphaScreen）;Chemical Synthesis and Use of in silico Methods for the Rational Design of Small Molecule anti-Cancer Therapeutic Candidates;Ph.D. thesis, The Scripps Research InstitutePh.D. thesis, The Scripps Research Institute;0
A825;Fc1cccc(-n2cnc3c(NCc4nc5cc(F)ccc5[nH]4)nc(N4CCNCC4)nc32)c1;=';13300;Fluorescence resonance energy transfer（AlphaScreen）;Chemical Synthesis and Use of in silico Methods for the Rational Design of Small Molecule anti-Cancer Therapeutic Candidates;Ph.D. thesis, The Scripps Research InstitutePh.D. thesis, The Scripps Research Institute;0
A826;Nc1n[nH]c2ccc(NC(=O)[C@H]3CC[C@H](N)CC3)cc12;=';13960;Fluorescence resonance energy transfer（AlphaScreen）;In Silico HTS and Structure Based Optimization of Indazole-Derived ULK1 Inhibitors;doi: 10.1021/acsmedchemlett.7b00344;0
A827;c1cc(-n2cnc3c(Nc4ccc(CN5CCOCC5)cc4)nc(N4CCNCC4)nc32)cs1;=';16000;Fluorescence resonance energy transfer（AlphaScreen）;Chemical Synthesis and Use of in silico Methods for the Rational Design of Small Molecule anti-Cancer Therapeutic Candidates;Ph.D. thesis, The Scripps Research InstitutePh.D. thesis, The Scripps Research Institute;0
A828;Nc1cccc(C(=O)Nc2ccc3[nH]nc(N)c3c2)c1;=';18100;Fluorescence resonance energy transfer（AlphaScreen）;In Silico HTS and Structure Based Optimization of Indazole-Derived ULK1 Inhibitors;doi: 10.1021/acsmedchemlett.7b00344;0
A829;Clc1ccccc1Nc1nc(N2CCNCC2)nc2c1ncn2-c1ccsc1;=';22000;Fluorescence resonance energy transfer（AlphaScreen）;Chemical Synthesis and Use of in silico Methods for the Rational Design of Small Molecule anti-Cancer Therapeutic Candidates;Ph.D. thesis, The Scripps Research InstitutePh.D. thesis, The Scripps Research Institute;0
A830;NC1CCCC(C(=O)Nc2ccc3[nH]ncc3c2)C1;=';22400;Alpha Screen;Rationally and Computationally Guided Synthesis Targeting the Inhibition of Cancer;Ph.D. thesis, The Scripps Research InstitutePh.D. thesis, The Scripps Research Institute;0
A831;CCCCCCCC/C=C\CCCCCCCC(=O)O;=';31000;Fluorescence resonance energy transfer（AlphaScreen）;Development of an HTS-Compatible Assay for the Discovery of Ulk1 Inhibitors;doi: 10.1177/1087057115579391;0
A832;c1nc2c(Nc3ccc4c(c3)OCCO4)nc(Nc3ccc4c(c3)OCCO4)nc2[nH]1;=';31500;Lance Ultra Assay;Discovery of novel ULK1 inhibitors through machine learning-guided virtual screening and biological evaluation;doi: 10.1080/17568919.2024.2385288;0
A833;c1ccc(NC2=NNc3ccccc3S2)cc1;>';33000;Fluorescence resonance energy transfer（AlphaScreen）;In Silico HTS and Structure Based Optimization of Indazole-Derived ULK1 Inhibitors;doi: 10.1021/acsmedchemlett.7b00344;0
A834;c1ccc(Nc2nc(N3CCNCC3)nc3c2ncn3C2CCCC2)cc1;>';33000;Fluorescence resonance energy transfer（AlphaScreen）;Chemical Synthesis and Use of in silico Methods for the Rational Design of Small Molecule anti-Cancer Therapeutic Candidates;Ph.D. thesis, The Scripps Research InstitutePh.D. thesis, The Scripps Research Institute;0
A835;Cc1cc(C)c2c(NCc3ccccc3F)n[nH]c2n1;>';33000;Fluorescence resonance energy transfer（AlphaScreen）;In Silico HTS and Structure Based Optimization of Indazole-Derived ULK1 Inhibitors;doi: 10.1021/acsmedchemlett.7b00344;0
A836;CCC1CCc2c(sc3c2C(=O)NC(c2ccccc2O)N3)C1;>';33000;Fluorescence resonance energy transfer（AlphaScreen）;In Silico HTS and Structure Based Optimization of Indazole-Derived ULK1 Inhibitors;doi: 10.1021/acsmedchemlett.7b00344;0
A837;NCCCC(=O)Nc1ccc2[nH]nc(N)c2c1;>';33000;Fluorescence resonance energy transfer（AlphaScreen）;In Silico HTS and Structure Based Optimization of Indazole-Derived ULK1 Inhibitors;doi: 10.1021/acsmedchemlett.7b00344;0
A838;NS(=O)(=O)c1ccc2c(c1)N(c1ccc(C(F)(F)F)cn1)CC2;>';33000;Fluorescence resonance energy transfer（AlphaScreen）;In Silico HTS and Structure Based Optimization of Indazole-Derived ULK1 Inhibitors;doi: 10.1021/acsmedchemlett.7b00344;0
A839;O=C(c1cc[nH]n1)N1CCc2c(O)nc(N3CCCCC3)nc2C1;>';33000;Fluorescence resonance energy transfer（AlphaScreen）;In Silico HTS and Structure Based Optimization of Indazole-Derived ULK1 Inhibitors;doi: 10.1021/acsmedchemlett.7b00344;0
A840;O=C(NCCCNc1nc(Nc2ccccc2)c2ncn(-c3ccsc3)c2n1)C1CCC1;>';33000;Fluorescence resonance energy transfer（AlphaScreen）;Chemical Synthesis and Use of in silico Methods for the Rational Design of Small Molecule anti-Cancer Therapeutic Candidates;Ph.D. thesis, The Scripps Research InstitutePh.D. thesis, The Scripps Research Institute;0
A841;O=C(NCCNc1nc(Nc2ccccc2)c2ncn(-c3ccsc3)c2n1)C1CCC1;>';33000;Fluorescence resonance energy transfer（AlphaScreen）;Chemical Synthesis and Use of in silico Methods for the Rational Design of Small Molecule anti-Cancer Therapeutic Candidates;Ph.D. thesis, The Scripps Research InstitutePh.D. thesis, The Scripps Research Institute;0
A842;O=C(O)c1ccc(Nc2nc(Nc3cccc(C(=O)O)c3)ncc2F)cc1;=';37110;Lance Ultra Assay;Discovery of novel ULK1 inhibitors through machine learning-guided virtual screening and biological evaluation;doi: 10.1080/17568919.2024.2385288;0
A843;Fc1ccc2nc(CNc3nc(N4CCNCC4)nc4c3ncn4-c3ccc4ccccc4c3)[nH]c2c1;=';44700;Fluorescence resonance energy transfer（AlphaScreen）;Chemical Synthesis and Use of in silico Methods for the Rational Design of Small Molecule anti-Cancer Therapeutic Candidates;Ph.D. thesis, The Scripps Research InstitutePh.D. thesis, The Scripps Research Institute;0
A844;O=C(O)c1cccc(Nc2nccc(Nc3ccccc3C(=O)O)n2)c1;=';76700;Lance Ultra Assay;Discovery of novel ULK1 inhibitors through machine learning-guided virtual screening and biological evaluation;doi: 10.1080/17568919.2024.2385288;0
A845;O=c1cc(N2CCOCC2)nc2n(Cc3cccc(Cl)c3Cl)c(C3CC3)nn12;>';100000;Fluorescence Intensity assays（ADP Hunter™ Plus）;The identification and characterisation of autophagy inhibitors from the published kinase inhibitor sets;doi: 10.1042/bcj20190846;0
A846;CNS(=O)(=O)c1cccc(C(=O)Nc2ccc3[nH]nc(Nc4cccc5ccccc45)c3c2)c1;=';390000;Fluorescence resonance energy transfer（AlphaScreen）;Chemical Synthesis and Use of in silico Methods for the Rational Design of Small Molecule anti-Cancer Therapeutic Candidates;Ph.D. thesis, The Scripps Research InstitutePh.D. thesis, The Scripps Research Institute;0
